Port Number,Transaction ID,Latency
5000,26ed6b3da8cc1b3ce99644de7d6f6f66,0.009959
5000,b0e9eb6c369121aaaffe56eeeb3b0b8d,1.124863
5000,86540fbb361e59c76c284ebab3c093e3,0.209985
5000,cdc731ee5ce7e93750471ab5e3d2dc4f,0.248952
5000,80484282c80c5835795b398d4060be72,0.210918
5000,b7ca3f31254552980a142d9f700b7520,2.199726
5000,60b5879301695a8d67b5a2e5065ed877,0.909503
5000,b0e9eb6c369121aaaffe56eeeb3b0b8d,1.141801
5000,1f49d2073a21e3dc312bb57915a0a61d,0.415030
5000,913cf85415c868fdd43c0ffbac3b5249,1.538219
5000,82d27c564d3d6675e0ea0c15baa95cc9,0.555611
5000,d3ca2d5107f5849b072c440587f1395d,2.563809
5000,cdb01c9e8541c93697bded41bbb4255a,2.186811
5000,60b5879301695a8d67b5a2e5065ed877,0.918182
5000,cc967f463e5c46527f070a73c16de2ea,0.498925
5000,a0e4598aa518582f886290a8d18c99dd,1.264547
5000,ff85e4f659e878c9866a52a027112875,0.985770
5000,60b5879301695a8d67b5a2e5065ed877,0.921428
5000,a59b8e3f3b188ebab8f2751ee84d1ec6,0.898892
5000,1f6a20725174bccb4d769a06ebf036ca,2.348145
5000,0fd34e3abac0e2dfd0482a30789b94df,0.496354
5000,82d27c564d3d6675e0ea0c15baa95cc9,0.562918
5000,86540fbb361e59c76c284ebab3c093e3,0.248023
5000,04903fd8851accf68df63a9b5aa0d8b0,1.232593
5000,345a9b1cae571838753487fb960b4e0c,0.099466
5000,498457a8d26aba6d14594cb85611f589,0.006277
5000,bcba4425e8ab98cccf1da5ad257c945d,0.888609
5000,5bfe74bf27a770406356c4d2b85c0c13,1.328822
5000,cc967f463e5c46527f070a73c16de2ea,0.556504
5000,33b3fa1da9bfd4b30dbbcfae184fc804,0.309730
5000,799b299a0671047128b04cbad428d51f,0.023280
5000,345a9b1cae571838753487fb960b4e0c,0.128991
5000,cdc731ee5ce7e93750471ab5e3d2dc4f,0.343052
5000,dadf0c1b6626b7d9f7cf34d0e51994ab,0.792714
5000,bf9a2cb53a5b44c1d6d9385c05a6d2c9,0.822705
5000,633dad956c77638b99f2fc03084cd32c,0.211954
5000,80484282c80c5835795b398d4060be72,0.307469
5000,cc967f463e5c46527f070a73c16de2ea,0.578184
5000,04903fd8851accf68df63a9b5aa0d8b0,1.273890
5000,cdc731ee5ce7e93750471ab5e3d2dc4f,0.367129
5000,5bfe74bf27a770406356c4d2b85c0c13,1.383276
5000,5c41ebafe3fbd6f815df1bba8ce1e044,1.704425
5000,b6a748aef0cf552abf7b6340b6be584e,1.616818
5000,276df55b92b2095c897a0f9974d0ba76,0.939836
5000,c419f03df1ec5a8038b88328ae0adcfa,0.779011
5000,c5b10814a811e1de9e0aba16bb498e68,0.628851
5000,82d27c564d3d6675e0ea0c15baa95cc9,0.661467
5000,cbd61ad4376c507c29709d38e8048117,2.339505
5000,cc967f463e5c46527f070a73c16de2ea,0.606152
5000,0dfb32c370a6fcf4dba6153428df17ae,0.749415
5000,276df55b92b2095c897a0f9974d0ba76,0.944925
5000,c7ad79144d26eabdcc6fa4b6a855fd0b,2.437017
5000,2f79e02699062b0c7dbc2c12c2fdab4e,0.645233
5000,8506807ab2d2a4ef218ece37cfc857a9,0.043543
5000,9fa0252f15d5f48dcfa2b4e1f07d4f36,0.018717
5000,edb1b1576202d261b13f69fd33cc7d51,1.191703
5000,7f01cc13dd81b1297bad2b408f932a4f,1.677213
5000,cbd61ad4376c507c29709d38e8048117,2.388049
5000,0ac61e9711c41c32e2caf4b0828e3ba3,0.878220
5000,799b299a0671047128b04cbad428d51f,0.120860
5000,a4ec5ecd9846dfbf540cad079f8d792d,0.811553
5000,33b3fa1da9bfd4b30dbbcfae184fc804,0.460708
5000,a0e4598aa518582f886290a8d18c99dd,1.473944
5000,bcba4425e8ab98cccf1da5ad257c945d,1.053980
5000,cdc731ee5ce7e93750471ab5e3d2dc4f,0.478616
5000,8506807ab2d2a4ef218ece37cfc857a9,0.103118
5000,0ac61e9711c41c32e2caf4b0828e3ba3,0.934451
5000,7f01cc13dd81b1297bad2b408f932a4f,1.736295
5000,bb7dcad1c0c191a29a086c936a9343c6,0.045879
5000,a2c9932f89a494586a41ec97ac2a5f94,0.042686
5000,97f106a177ddd10b010cafbd46f92427,2.234952
5000,5bfe74bf27a770406356c4d2b85c0c13,1.501246
5000,cf25608115d10174ac30c93a685ecc05,1.982136
5000,0fd34e3abac0e2dfd0482a30789b94df,0.712727
5000,bf9a2cb53a5b44c1d6d9385c05a6d2c9,0.966338
5000,cdb01c9e8541c93697bded41bbb4255a,2.407593
5000,33b3fa1da9bfd4b30dbbcfae184fc804,0.471809
5000,fab0112481104e8950ffaeeabfdff12a,2.496917
5000,5c41ebafe3fbd6f815df1bba8ce1e044,1.898552
5000,5b719212d942bed36e4dc5175c0a4164,2.169322
5000,1c96fbc19c3ba4539903fc7709d6144d,0.802914
5000,c5b10814a811e1de9e0aba16bb498e68,0.860753
5000,deee2cc07ee596377807597529988f8f,2.369264
5000,5fc78f0f465910af026ccf698abc9f3d,1.747062
5000,c419f03df1ec5a8038b88328ae0adcfa,1.015401
5000,a4ec5ecd9846dfbf540cad079f8d792d,0.945478
5000,799b299a0671047128b04cbad428d51f,0.305871
5000,a59b8e3f3b188ebab8f2751ee84d1ec6,1.237193
5000,cf33cfb615bf4676bc148878b736302e,0.125832
5000,b6a748aef0cf552abf7b6340b6be584e,1.882300
5000,c5b10814a811e1de9e0aba16bb498e68,0.891721
5000,9fa0252f15d5f48dcfa2b4e1f07d4f36,0.234121
5000,86540fbb361e59c76c284ebab3c093e3,0.654861
5000,fab0112481104e8950ffaeeabfdff12a,2.703637
5000,cbd61ad4376c507c29709d38e8048117,2.662920
5000,b7ca3f31254552980a142d9f700b7520,2.643401
5000,d70325666bf4a3f20ce663488e47f4db,0.069472
5000,c258a26ea2843386f9da9216b625649b,2.196096
5000,b7ca3f31254552980a142d9f700b7520,2.723445
5000,dadf0c1b6626b7d9f7cf34d0e51994ab,1.227511
5000,7f01cc13dd81b1297bad2b408f932a4f,2.035429
5000,5c41ebafe3fbd6f815df1bba8ce1e044,2.118437
5000,e683b943073e402457780867c9d1469d,2.721184
5000,fab0112481104e8950ffaeeabfdff12a,2.824799
5000,0df93d212d27269a0e2b3838690d0fe9,2.211805
5000,caefa184d53ade814f28fcf497a651d7,2.696980
5000,9055e320da792311b83258b285a86b02,1.846783
5000,b974a533f548360647dee775cb6cf219,0.270458
5000,edb1b1576202d261b13f69fd33cc7d51,1.620797
5000,9055e320da792311b83258b285a86b02,1.849257
5000,dbab2b6b909b8e225d5c26e65631c989,0.310032
5000,edb1b1576202d261b13f69fd33cc7d51,1.622668
5000,86540fbb361e59c76c284ebab3c093e3,0.813520
5000,bcba4425e8ab98cccf1da5ad257c945d,1.463649
5000,9ff3d3b8992c236e3e4a3308311055c9,0.357598
5000,646c3c67fd8b1cee30cd84449c58557f,1.118663
5000,82d27c564d3d6675e0ea0c15baa95cc9,1.178946
5000,b0e9eb6c369121aaaffe56eeeb3b0b8d,1.767679
5000,913cf85415c868fdd43c0ffbac3b5249,2.162701
5000,b6a748aef0cf552abf7b6340b6be584e,2.140030
5000,0df93d212d27269a0e2b3838690d0fe9,2.287288
5000,cf33cfb615bf4676bc148878b736302e,0.390925
5000,1c96fbc19c3ba4539903fc7709d6144d,1.110412
5000,dbab2b6b909b8e225d5c26e65631c989,0.376532
5000,deee2cc07ee596377807597529988f8f,2.683338
5000,e683b943073e402457780867c9d1469d,2.858722
5000,7f01cc13dd81b1297bad2b408f932a4f,2.175056
5000,b80c8569364d6b1b01540c928961920a,0.741223
5000,a59b8e3f3b188ebab8f2751ee84d1ec6,1.549227
5000,5b719212d942bed36e4dc5175c0a4164,2.489455
5000,276df55b92b2095c897a0f9974d0ba76,1.491009
5000,913cf85415c868fdd43c0ffbac3b5249,2.194888
5000,33b3fa1da9bfd4b30dbbcfae184fc804,0.906939
5000,80484282c80c5835795b398d4060be72,0.884376
5000,b6a748aef0cf552abf7b6340b6be584e,2.171830
5000,0fd34e3abac0e2dfd0482a30789b94df,1.150215
5000,0fd34e3abac0e2dfd0482a30789b94df,1.150223
5000,660d7d7edfea22d1507346aca6860b07,0.304855
5000,cbd61ad4376c507c29709d38e8048117,2.892632
5000,caefa184d53ade814f28fcf497a651d7,2.822859
5000,4a7fd9217bb6c3fce2425c6268ccca9d,0.175722
5000,1f49d2073a21e3dc312bb57915a0a61d,1.094218
5000,9055e320da792311b83258b285a86b02,1.941418
5000,deee2cc07ee596377807597529988f8f,2.720719
5000,5c41ebafe3fbd6f815df1bba8ce1e044,2.293211
5000,0dfb32c370a6fcf4dba6153428df17ae,1.331633
5000,cc967f463e5c46527f070a73c16de2ea,1.188467
5000,498457a8d26aba6d14594cb85611f589,0.651084
5000,5b8a8de89213fc3198f8085883115520,0.065217
5000,2f79e02699062b0c7dbc2c12c2fdab4e,1.183685
5000,c258a26ea2843386f9da9216b625649b,2.377259
5000,345a9b1cae571838753487fb960b4e0c,0.750756
5000,a4ec5ecd9846dfbf540cad079f8d792d,1.294497
5000,b974a533f548360647dee775cb6cf219,0.378094
5000,bf9a2cb53a5b44c1d6d9385c05a6d2c9,1.436085
5000,9ff3d3b8992c236e3e4a3308311055c9,0.426739
5000,bcba4425e8ab98cccf1da5ad257c945d,1.536951
5000,9ff3d3b8992c236e3e4a3308311055c9,0.430472
5000,e683b943073e402457780867c9d1469d,2.900574
5000,1f49d2073a21e3dc312bb57915a0a61d,1.112230
5000,660d7d7edfea22d1507346aca6860b07,0.340587
5000,04903fd8851accf68df63a9b5aa0d8b0,1.889875
5000,9ff3d3b8992c236e3e4a3308311055c9,0.432486
5000,26ed6b3da8cc1b3ce99644de7d6f6f66,0.727760
5000,0dfb32c370a6fcf4dba6153428df17ae,1.337832
5000,cf33cfb615bf4676bc148878b736302e,0.461897
5000,5bfe74bf27a770406356c4d2b85c0c13,1.981504
5000,b0b5127d07c68d042bb1390f6996a553,1.576454
5000,633dad956c77638b99f2fc03084cd32c,0.874967
5000,9fa0252f15d5f48dcfa2b4e1f07d4f36,0.612126
5000,646c3c67fd8b1cee30cd84449c58557f,1.244589
5000,660d7d7edfea22d1507346aca6860b07,0.399573
5000,bf9a2cb53a5b44c1d6d9385c05a6d2c9,1.500030
5000,1f49d2073a21e3dc312bb57915a0a61d,1.172561
5000,cdb01c9e8541c93697bded41bbb4255a,2.942824
5000,0dfb32c370a6fcf4dba6153428df17ae,1.397599
5000,b974a533f548360647dee775cb6cf219,0.444532
5000,b80c8569364d6b1b01540c928961920a,0.845362
5000,b0e9eb6c369121aaaffe56eeeb3b0b8d,1.902936
5000,dadf0c1b6626b7d9f7cf34d0e51994ab,1.473525
5000,498457a8d26aba6d14594cb85611f589,0.718778
5000,633dad956c77638b99f2fc03084cd32c,0.893603
5000,5fc78f0f465910af026ccf698abc9f3d,2.169713
5000,646c3c67fd8b1cee30cd84449c58557f,1.257779
5000,660d7d7edfea22d1507346aca6860b07,0.406201
5000,4a7fd9217bb6c3fce2425c6268ccca9d,0.277764
5000,c5b10814a811e1de9e0aba16bb498e68,1.303041
5000,b7ca3f31254552980a142d9f700b7520,2.992015
5000,caefa184d53ade814f28fcf497a651d7,2.926189
5000,1c96fbc19c3ba4539903fc7709d6144d,1.246789
5000,5b719212d942bed36e4dc5175c0a4164,2.614466
5000,c258a26ea2843386f9da9216b625649b,2.466200
5000,345a9b1cae571838753487fb960b4e0c,0.839742
5000,633dad956c77638b99f2fc03084cd32c,0.913009
5000,cf33cfb615bf4676bc148878b736302e,0.555488
5000,8ad055d9d6fb87ee316396a037e939c7,0.069129
5000,646c3c67fd8b1cee30cd84449c58557f,1.286762
5000,d39550ae130697ce322ed20603f3f029,0.050364
5000,04903fd8851accf68df63a9b5aa0d8b0,1.988204
5000,4a7fd9217bb6c3fce2425c6268ccca9d,0.294504
5000,80484282c80c5835795b398d4060be72,1.028748
5000,afaa613c30357b4393e5c96ae0e60da9,0.515534
5000,97f106a177ddd10b010cafbd46f92427,2.818555
5000,07f4c84e388b4e40660463cd702bf4b5,0.002766
5000,edb1b1576202d261b13f69fd33cc7d51,1.842900
5000,4f66f5d1c472aa301da807db303dbbae,1.748711
5000,bb7dcad1c0c191a29a086c936a9343c6,0.639075
5000,3f3a0996ed69ba8c728fc44cfb07f4af,0.001632
5000,47abe88b36855d7b5be6c52a95ff61fb,3.312454
5000,a2c9932f89a494586a41ec97ac2a5f94,0.676548
5000,58622ca964062e1164a2a2eb36904ed9,0.002235
5000,0df93d212d27269a0e2b3838690d0fe9,2.612962
5000,8506807ab2d2a4ef218ece37cfc857a9,0.844666
5000,afaa613c30357b4393e5c96ae0e60da9,0.670684
5000,ff85e4f659e878c9866a52a027112875,1.939560
5000,a59b8e3f3b188ebab8f2751ee84d1ec6,1.872523
5000,cf25608115d10174ac30c93a685ecc05,2.759428
5000,0a04ac5421512590b3706d2ad12dc7f3,0.010182
5000,e8abf4a41234abb57e3b965e2f603023,0.001100
5000,b80c8569364d6b1b01540c928961920a,1.120623
5000,d6f23c1842466869a52b01f0f2b5e7ac,0.002876
5000,a2c9932f89a494586a41ec97ac2a5f94,0.869075
5000,58dd765deebbf17db33ecef760905cdf,0.002840
5000,276df55b92b2095c897a0f9974d0ba76,1.908805
5000,48105dedd15b0bb59f9bd2fab22f67cb,0.001436
5000,ba15f761b0d84cf7d15b4e1e3cbf0026,0.209127
5000,bb7dcad1c0c191a29a086c936a9343c6,0.921903
5000,ba15f761b0d84cf7d15b4e1e3cbf0026,0.247804
5000,d6f23c1842466869a52b01f0f2b5e7ac,0.095644
5000,47abe88b36855d7b5be6c52a95ff61fb,3.617441
5000,913cf85415c868fdd43c0ffbac3b5249,2.683212
5000,7accd81d55df9758dd5606dff262c270,0.002678
5000,a4ec5ecd9846dfbf540cad079f8d792d,1.765143
5000,6c5325b78e88f05e6a0792f9e09b2970,0.006653
5000,57c883e7a1a3eadfee2abd76d4cee4e3,0.007821
5000,e683b943073e402457780867c9d1469d,3.427827
5000,48105dedd15b0bb59f9bd2fab22f67cb,0.152673
5000,8506807ab2d2a4ef218ece37cfc857a9,1.138967
5000,088f8f384ac11253d04e6168d168b4fa,0.025449
5000,5b719212d942bed36e4dc5175c0a4164,3.084366
5000,9055e320da792311b83258b285a86b02,2.514372
5000,3f3a0996ed69ba8c728fc44cfb07f4af,0.449778
5000,a2c9932f89a494586a41ec97ac2a5f94,1.103756
5000,294519691ccd30c1647c204b815ff4c3,0.010956
5000,9c652e3c3a8f43f8b239c5dce3fb8838,0.012120
5000,6c5325b78e88f05e6a0792f9e09b2970,0.132236
5000,86b0d22931a18096ebb9e0c73b1b61ad,0.001261
5000,2f79e02699062b0c7dbc2c12c2fdab4e,1.791153
5000,58dd765deebbf17db33ecef760905cdf,0.246863
5000,0a04ac5421512590b3706d2ad12dc7f3,0.307776
5000,dd0b3ab15ae0fb9b6a38079fe3cf5d46,0.002766
5000,9c652e3c3a8f43f8b239c5dce3fb8838,0.050359
5000,8f9cac83c98388c3c4cd5513dda0f125,0.000684
5000,a0e4598aa518582f886290a8d18c99dd,2.618619
5000,cf25608115d10174ac30c93a685ecc05,3.128078
5000,4f66f5d1c472aa301da807db303dbbae,2.320290
5000,80661f518affaf946253fd59733175d0,2.598818
5000,deee2cc07ee596377807597529988f8f,3.438245
5000,dbab2b6b909b8e225d5c26e65631c989,1.148510
5000,064fad0547db669e2dee33988185d98d,0.012611
5000,c258a26ea2843386f9da9216b625649b,3.131937
5000,711fa8aadd768cc00ddab0b245a89f87,0.010928
5000,6e60c9e3b818086f602b709ab29a14bf,0.042792
5000,6c5325b78e88f05e6a0792f9e09b2970,0.322891
5000,064fad0547db669e2dee33988185d98d,0.073413
5000,94e8b9b9268d891e4f9a4ed52adfac46,0.034163
5000,e8abf4a41234abb57e3b965e2f603023,0.520234
5000,0bfda5fb2691b208fc7ebcbd0c1270cd,0.061466
5000,9fa0252f15d5f48dcfa2b4e1f07d4f36,1.406936
5000,d70325666bf4a3f20ce663488e47f4db,1.177501
5000,dbab2b6b909b8e225d5c26e65631c989,1.268602
5000,5b8a8de89213fc3198f8085883115520,0.918918
5000,498457a8d26aba6d14594cb85611f589,1.590673
5000,b80c8569364d6b1b01540c928961920a,1.717821
5000,d39550ae130697ce322ed20603f3f029,0.887193
5000,57c883e7a1a3eadfee2abd76d4cee4e3,0.423411
5000,d6f23c1842466869a52b01f0f2b5e7ac,0.596123
5000,0bfda5fb2691b208fc7ebcbd0c1270cd,0.186407
5000,5b8a8de89213fc3198f8085883115520,1.041136
5000,f174b8690afbbcac97b32ac147ef9794,0.023380
5000,7accd81d55df9758dd5606dff262c270,0.537810
5000,b2b41534a5793b0230ca1690a4104b6f,0.143950
5000,d39550ae130697ce322ed20603f3f029,0.953740
5000,bd2c5830f017284c013ab947e29180d5,0.168333
5000,c419f03df1ec5a8038b88328ae0adcfa,2.376852
5000,26ed6b3da8cc1b3ce99644de7d6f6f66,1.734264
5000,c419f03df1ec5a8038b88328ae0adcfa,2.376894
5000,2ff6eb519f84272919986b01054366ac,0.168431
5000,94e8b9b9268d891e4f9a4ed52adfac46,0.201746
5000,d70325666bf4a3f20ce663488e47f4db,1.339694
5000,c76b18ecfdb3fd083882cbc0ab16c609,0.001428
5000,0ac61e9711c41c32e2caf4b0828e3ba3,3.433768
5000,2f79e02699062b0c7dbc2c12c2fdab4e,3.208628
5000,f34ca0fcdae50f663c610bca1f78a6e6,0.863056
5000,c299da5379add9c9e5e78969c152bdf4,0.787925
5000,0ac61e9711c41c32e2caf4b0828e3ba3,3.441511
5000,b5c2f6fcd22829a2897880026e6f2cae,0.636536
5000,d5a6e77bb5df138edc20491033b54230,0.540473
5000,de32838cfe4e06e05060dbdd79c2ffef,0.281836
5000,afaa613c30357b4393e5c96ae0e60da9,2.434233
5000,b7eb228e2674c24a0bc156e6b51dbf8b,0.254549
5000,327e7b93429be2309c7011f800bee5d7,0.721853
5000,97f106a177ddd10b010cafbd46f92427,4.760629
5000,2b1024d5dad3f79195c6b33a61ecd494,0.007723
5000,7a1cd712c7e8948b2575043666df9b8b,1.103481
5000,9c652e3c3a8f43f8b239c5dce3fb8838,2.481038
5000,6c5325b78e88f05e6a0792f9e09b2970,2.590777
5000,c366439e96c49b2e879cf5b89a6ce1e9,1.096736
5000,8f9cac83c98388c3c4cd5513dda0f125,2.440444
5000,065dc389d2e5ee17464d365c5a55285b,1.859155
5000,d4c83789a097037f83c0c027e7bd624b,0.982545
5000,b47184376c0cc78774ffedbb79e30aa0,1.143974
5000,b0b5127d07c68d042bb1390f6996a553,4.654241
5000,319f7fc11aa9c5706c79943f263b6f00,1.489993
5000,6aac7aa1d066d1e039e868f5b241faf5,0.471601
5000,b6452c05af25f0817986a0fc49091628,1.846538
5000,390bfe3f056938f30970bdabceefe99d,0.920954
5000,3f3a0996ed69ba8c728fc44cfb07f4af,2.966887
5000,f34ca0fcdae50f663c610bca1f78a6e6,1.941457
5000,58622ca964062e1164a2a2eb36904ed9,2.931743
5000,0bfda5fb2691b208fc7ebcbd0c1270cd,2.386009
5000,ad0c916cd679ca8545b2e15fa820779b,1.911558
5000,59435d9220f96a24e88f8086326c2664,1.216729
5000,3f3a0996ed69ba8c728fc44cfb07f4af,3.123275
5000,8ad055d9d6fb87ee316396a037e939c7,3.250585
5000,47abe88b36855d7b5be6c52a95ff61fb,6.446939
5000,25af6f3d548373a8690e3c796af68ab4,1.228171
5000,4a7fd9217bb6c3fce2425c6268ccca9d,3.473713
5000,6b231fa5b2be4bd80cb911defe2f671a,1.914033
5000,07f4c84e388b4e40660463cd702bf4b5,3.174596
5000,711fa8aadd768cc00ddab0b245a89f87,2.539688
5000,7accd81d55df9758dd5606dff262c270,2.817758
5000,294519691ccd30c1647c204b815ff4c3,2.708185
5000,5fc78f0f465910af026ccf698abc9f3d,5.386680
5000,58622ca964062e1164a2a2eb36904ed9,3.112321
5000,f174b8690afbbcac97b32ac147ef9794,2.334821
5000,de32838cfe4e06e05060dbdd79c2ffef,1.679269
5000,d70325666bf4a3f20ce663488e47f4db,3.752912
5000,48105dedd15b0bb59f9bd2fab22f67cb,3.035830
5000,80661f518affaf946253fd59733175d0,5.425352
5000,6e60c9e3b818086f602b709ab29a14bf,2.776091
5000,f174b8690afbbcac97b32ac147ef9794,2.573472
5000,94e8b9b9268d891e4f9a4ed52adfac46,2.714905
5000,927e2636caf77080550e4ed2c63ee551,2.097456
5000,8ad055d9d6fb87ee316396a037e939c7,3.499110
5000,8f9cac83c98388c3c4cd5513dda0f125,2.976875
5000,4f66f5d1c472aa301da807db303dbbae,5.244813
5000,bb7dcad1c0c191a29a086c936a9343c6,4.135746
5000,6e60c9e3b818086f602b709ab29a14bf,2.866801
5000,064fad0547db669e2dee33988185d98d,2.985557
5000,dd0b3ab15ae0fb9b6a38079fe3cf5d46,3.082775
5000,dd0b3ab15ae0fb9b6a38079fe3cf5d46,3.084233
5000,c299da5379add9c9e5e78969c152bdf4,2.468860
5000,c366439e96c49b2e879cf5b89a6ce1e9,1.732446
5000,ad0c916cd679ca8545b2e15fa820779b,2.384003
5000,ad0c916cd679ca8545b2e15fa820779b,2.385645
5000,9232212d150b718c840d69436fffaf13,0.568153
5000,ba15f761b0d84cf7d15b4e1e3cbf0026,3.525742
5000,57c883e7a1a3eadfee2abd76d4cee4e3,3.198940
5000,dd0b3ab15ae0fb9b6a38079fe3cf5d46,3.091890
5000,7accd81d55df9758dd5606dff262c270,3.249192
5000,5b8a8de89213fc3198f8085883115520,3.984478
5000,16aafff832e0200d0ae4b532d6b449ff,0.000461
5000,700bcb4aebfab1fd47bd04834b17c092,0.000588
5000,e181d4d1e78b08ce55b15523af32822c,0.000287
5000,02dfcfc7863c5dcbb80b9c96bea8934c,1.935433
5000,86b0d22931a18096ebb9e0c73b1b61ad,10.352178
5000,afaa613c30357b4393e5c96ae0e60da9,11.358505
5000,a18e302b52090d798601db7b69ddff6e,9.048147
5000,088f8f384ac11253d04e6168d168b4fa,10.424867
5000,c76b18ecfdb3fd083882cbc0ab16c609,9.512642
5000,5fc78f0f465910af026ccf698abc9f3d,13.059966
5000,86b0d22931a18096ebb9e0c73b1b61ad,10.358839
5000,bd2c5830f017284c013ab947e29180d5,10.116707
5000,294519691ccd30c1647c204b815ff4c3,10.384157
5000,48105dedd15b0bb59f9bd2fab22f67cb,10.567784
5000,80661f518affaf946253fd59733175d0,12.861892
5000,6b231fa5b2be4bd80cb911defe2f671a,10.069346
5000,0d006d427e0f0d89656d78c9efc40e83,9.954253
5000,bf5b0a16479f21f1584674158adecf81,0.018852
5000,b7eb228e2674c24a0bc156e6b51dbf8b,9.670434
5000,1c96fbc19c3ba4539903fc7709d6144d,12.604661
5000,07f4c84e388b4e40660463cd702bf4b5,11.338750
5000,c366439e96c49b2e879cf5b89a6ce1e9,9.490278
5000,07f4c84e388b4e40660463cd702bf4b5,11.359237
5000,7afd7e322bac900e5fd7058fee44b4e6,9.493840
5000,dab0747a3d3165ef5ee1c6d16f06a536,9.545008
5000,b6452c05af25f0817986a0fc49091628,10.216399
5000,2ddab4bd185ed16de4fb8970ce1379d2,9.858090
5000,088f8f384ac11253d04e6168d168b4fa,10.937401
5000,b7eb228e2674c24a0bc156e6b51dbf8b,9.695834
5000,d5a6e77bb5df138edc20491033b54230,9.982584
5000,c366439e96c49b2e879cf5b89a6ce1e9,9.493444
5000,0bfda5fb2691b208fc7ebcbd0c1270cd,10.683337
5000,9f5c20f881a85a54d92102d1e4b1ae11,8.347687
5000,d5a6e77bb5df138edc20491033b54230,10.014282
5000,d50b84ea71542e1d1554487f7a39a638,9.660236
5000,57c883e7a1a3eadfee2abd76d4cee4e3,10.989034
5000,757a72406b0e879b1ec226faa3a634be,8.633118
5000,a0e4598aa518582f886290a8d18c99dd,13.538177
5000,b2b41534a5793b0230ca1690a4104b6f,10.758826
5000,1f6a20725174bccb4d769a06ebf036ca,14.654546
5000,3e71f0e1ab2e2b0fc207024dc3d39071,9.475072
5000,bd2c5830f017284c013ab947e29180d5,10.778254
5000,8ad055d9d6fb87ee316396a037e939c7,11.591927
5000,df89e59dc5f60b1439973354f34ca65b,9.738682
5000,294519691ccd30c1647c204b815ff4c3,11.045942
5000,319f7fc11aa9c5706c79943f263b6f00,10.320546
5000,5c83f0c78226816fdbaea0236df767d0,9.784742
5000,711fa8aadd768cc00ddab0b245a89f87,11.452769
5000,51a7c01295160db7bd3c434d90fff58e,10.042914
5000,9c652e3c3a8f43f8b239c5dce3fb8838,11.673584
5000,0a04ac5421512590b3706d2ad12dc7f3,11.937918
5000,390bfe3f056938f30970bdabceefe99d,10.071826
5000,a2cabce559fe7b520a196d238a800b37,9.963096
5000,d50b84ea71542e1d1554487f7a39a638,10.407454
5000,065dc389d2e5ee17464d365c5a55285b,11.033728
5000,327e7b93429be2309c7011f800bee5d7,10.925110
5000,b0b5127d07c68d042bb1390f6996a553,13.806226
5000,94e8b9b9268d891e4f9a4ed52adfac46,11.438780
5000,5ca584380497665a3c500098eeb0111c,6.762259
5000,0d006d427e0f0d89656d78c9efc40e83,10.922844
5000,0df93d212d27269a0e2b3838690d0fe9,14.763414
5000,0d006d427e0f0d89656d78c9efc40e83,10.963666
5000,caefa184d53ade814f28fcf497a651d7,15.289052
5000,c299da5379add9c9e5e78969c152bdf4,11.212029
5000,9ebcd641cca6a6014be1561d958d9369,10.833384
5000,11f89176bd9e5b46f383cee50f6d2a84,9.583178
5000,b5c2f6fcd22829a2897880026e6f2cae,11.062314
5000,bd2c5830f017284c013ab947e29180d5,11.611757
5000,b04b3e5f12b3b3b1aed776cdcdbae8aa,10.414765
5000,3e1162af1506ce89a62b2af96e4c60bc,9.541093
5000,d6f23c1842466869a52b01f0f2b5e7ac,12.112418
5000,cbbbd7a8213e6bd5a9d6cfeca81017b0,5.076342
5000,8b14d44eee2d269b7f7cfb5302a6448a,4.059051
5000,58622ca964062e1164a2a2eb36904ed9,12.455015
5000,cec1167c249495640adab2c470c4d94d,2.978110
5000,79c6e01174a8eb6b6b6a594c8cb60828,3.571251
5000,f34ca0fcdae50f663c610bca1f78a6e6,11.468658
5000,5240a4397863379e228cb04dc41dea66,10.690007
5000,f34ca0fcdae50f663c610bca1f78a6e6,11.470370
5000,ad0c916cd679ca8545b2e15fa820779b,11.306718
5000,edd40baf8d89881e5854942df8e93972,10.195229
5000,6b231fa5b2be4bd80cb911defe2f671a,11.340582
5000,9ebcd641cca6a6014be1561d958d9369,11.092671
5000,cb9de1589b0b26cf89975bdba50deb6c,10.474509
5000,3e71f0e1ab2e2b0fc207024dc3d39071,10.699897
5000,471fa0a2c3e3cc6d490bfcc85b1f81ae,10.756105
5000,b6452c05af25f0817986a0fc49091628,11.594302
5000,0d006d427e0f0d89656d78c9efc40e83,11.361513
5000,6e60c9e3b818086f602b709ab29a14bf,12.100273
5000,327e7b93429be2309c7011f800bee5d7,11.525089
5000,5a6f193e01c517dcce623ca6fc410401,4.637722
5000,0a04ac5421512590b3706d2ad12dc7f3,12.538426
5000,319f7fc11aa9c5706c79943f263b6f00,11.242088
5000,036f33f3bfb1b4a19f8bbea6d5ce66b3,11.442184
5000,064fad0547db669e2dee33988185d98d,13.136102
5000,2ff6eb519f84272919986b01054366ac,13.013279
5000,603d5db23135ac31c8c176ea6a94a5c3,3.588134
5000,2ddab4bd185ed16de4fb8970ce1379d2,12.247411
5000,065dc389d2e5ee17464d365c5a55285b,12.664685
5000,e3660be3db98c72d9ebbf3c6eea7e5e2,11.744351
5000,7a5004025b51d6b848f884fa32515337,11.222208
5000,fa8546159e7fadd12e40c068d496765d,11.365139
5000,16567d4da1f1a9fbc38b221c517af74f,10.590007
5000,b5c2f6fcd22829a2897880026e6f2cae,12.579153
5000,f85f33cad58759d7f50be9320bbd9ddd,3.456476
5000,eff36d97c9fa0d8e6aa26f26aeacda00,8.164711
5000,f449b59f3cf60e77531e7d6c75a3d08d,10.869946
5000,e6d92df5d55908d2a4b8f33e8e89aaad,11.062445
5000,24eb0a3853f5ab54be8d81e40ff730e8,10.830294
5000,927e2636caf77080550e4ed2c63ee551,12.546808
5000,b2b41534a5793b0230ca1690a4104b6f,13.115582
5000,a6dd86b58fc60eee34097d57db531316,10.851253
5000,4081bee406780d2547a078ae04d0da94,4.433847
5000,97f106a177ddd10b010cafbd46f92427,16.772850
5000,b7eb228e2674c24a0bc156e6b51dbf8b,12.309925
5000,390bfe3f056938f30970bdabceefe99d,11.906605
5000,2ff6eb519f84272919986b01054366ac,13.258515
5000,9376df94e7648621c55ffe5a016ffd36,3.855970
5000,5c83f0c78226816fdbaea0236df767d0,11.965746
5000,471fa0a2c3e3cc6d490bfcc85b1f81ae,12.083075
5000,d4c83789a097037f83c0c027e7bd624b,12.079670
5000,f37e9004806376c690bb23034ec71679,11.976011
5000,479f12103103a3df6dbaf2fce0dd7867,11.107845
5000,dab0747a3d3165ef5ee1c6d16f06a536,12.252087
5000,f55056d0673d18417acfc638e34a81d2,6.658360
5000,fab0112481104e8950ffaeeabfdff12a,17.144105
5000,7a1cd712c7e8948b2575043666df9b8b,12.224942
5000,df89e59dc5f60b1439973354f34ca65b,12.295332
5000,78e0c6ac9935fec466ac4356f0a2ea64,10.721872
5000,7afd7e322bac900e5fd7058fee44b4e6,12.219488
5000,2ff6eb519f84272919986b01054366ac,13.351367
5000,d4c83789a097037f83c0c027e7bd624b,12.102642
5000,c76b18ecfdb3fd083882cbc0ab16c609,12.749383
5000,11f89176bd9e5b46f383cee50f6d2a84,11.340433
5000,7a5004025b51d6b848f884fa32515337,11.518072
5000,de32838cfe4e06e05060dbdd79c2ffef,12.465268
5000,317f362bc7bc0ec9ea30b6442af63e39,10.815822
5000,7a1cd712c7e8948b2575043666df9b8b,12.261909
5000,25af6f3d548373a8690e3c796af68ab4,12.160974
5000,c76b18ecfdb3fd083882cbc0ab16c609,12.784439
5000,19b36666f0697310e8fde3d7d6a8bcd2,11.091523
5000,614ce9a282a9a29e2acffdae1e5d6fbb,11.377831
5000,6aac7aa1d066d1e039e868f5b241faf5,11.629518
5000,1f6a20725174bccb4d769a06ebf036ca,17.292021
5000,d50b84ea71542e1d1554487f7a39a638,12.415178
5000,b04b3e5f12b3b3b1aed776cdcdbae8aa,12.218395
5000,711fa8aadd768cc00ddab0b245a89f87,13.515491
5000,b04b3e5f12b3b3b1aed776cdcdbae8aa,12.220106
5000,9ebcd641cca6a6014be1561d958d9369,12.641079
5000,9ebcd641cca6a6014be1561d958d9369,12.642002
5000,86b0d22931a18096ebb9e0c73b1b61ad,13.660769
5000,041499639a005aa9cdeece3a3bb3f7bd,10.534106
5000,d50b84ea71542e1d1554487f7a39a638,12.419407
5000,89738a77c6b0f317fcbf0230c844479d,3.220896
5000,390bfe3f056938f30970bdabceefe99d,12.103820
5000,f53ab0b9162348d64917d25b5d584a1e,11.229077
5000,f174b8690afbbcac97b32ac147ef9794,13.335598
5000,6aac7aa1d066d1e039e868f5b241faf5,11.661591
5000,3e71f0e1ab2e2b0fc207024dc3d39071,12.145169
5000,8a555020c775373ac5be53f98560fdcb,5.648862
5000,9ebcd641cca6a6014be1561d958d9369,12.687430
5000,a18e302b52090d798601db7b69ddff6e,12.399247
5000,2ddab4bd185ed16de4fb8970ce1379d2,12.696953
5000,b47184376c0cc78774ffedbb79e30aa0,12.376468
5000,a92873b3fef71badcbe6876b2b720dae,3.655518
5000,e3660be3db98c72d9ebbf3c6eea7e5e2,12.138751
5000,cb9de1589b0b26cf89975bdba50deb6c,12.094242
5000,59435d9220f96a24e88f8086326c2664,12.292362
5000,8f9cac83c98388c3c4cd5513dda0f125,13.699827
5000,dab0747a3d3165ef5ee1c6d16f06a536,12.412113
5000,de32838cfe4e06e05060dbdd79c2ffef,12.607617
5000,2d4e309d21d5edec36208e5553b7c445,11.291165
5000,a2cabce559fe7b520a196d238a800b37,12.069022
5000,4dc43f8b8f7bd4aa81982acff94de9ce,11.206963
5000,c035702a93ed37a4738b39054ac6d0c4,8.651149
5000,212f86274573ae382f3c0be220a1905f,7.246387
5000,89ec0356f714e2a7445cc00805694fde,2.987413
5000,59435d9220f96a24e88f8086326c2664,12.322852
5000,065dc389d2e5ee17464d365c5a55285b,13.150013
5000,df89e59dc5f60b1439973354f34ca65b,12.483770
5000,2b14072fface0f0f4762f1edcff27b4a,7.147254
5000,5ca584380497665a3c500098eeb0111c,8.720919
5000,d4c83789a097037f83c0c027e7bd624b,12.274602
5000,bf02d63fccf1b7279b9ebf55021dd265,5.337476
5000,5c83f0c78226816fdbaea0236df767d0,12.222947
5000,fa8546159e7fadd12e40c068d496765d,11.817604
5000,300e09cbdebc0ad1aef3ea7d6a95bfb2,11.739499
5000,300e09cbdebc0ad1aef3ea7d6a95bfb2,11.740041
5000,cc5c7cfa4ec8937da7cc2bdd23d2f053,5.181761
5000,e8abf4a41234abb57e3b965e2f603023,14.117352
5000,7a1cd712c7e8948b2575043666df9b8b,12.494205
5000,f54e4daf2905404f4909e43ad42156a5,3.486531
5000,2b1024d5dad3f79195c6b33a61ecd494,11.906254
5000,824a2c8a13e8a659534b3fb798df2f33,6.709244
5000,09cb35cf08d7aa7fcc52c4374f0af7fd,9.566168
5000,b47184376c0cc78774ffedbb79e30aa0,12.515518
5000,b5c2f6fcd22829a2897880026e6f2cae,13.055677
5000,471fa0a2c3e3cc6d490bfcc85b1f81ae,12.357817
5000,3a4dd4e4affd71109a3af2b697ae9e6b,11.753577
5000,e13e882b7da91d47afea1d2a7f4fd7e9,3.771662
5000,5c83f0c78226816fdbaea0236df767d0,12.302767
5000,6b231fa5b2be4bd80cb911defe2f671a,13.078319
5000,71fba7444cc9ba5975cef5cbd7b5b00a,6.119248
5000,a6dd86b58fc60eee34097d57db531316,11.326883
5000,f37e9004806376c690bb23034ec71679,12.254902
5000,b7905ef1d9500475d39c63c71081d09a,6.927113
5000,614ce9a282a9a29e2acffdae1e5d6fbb,11.581194
5000,e181d4d1e78b08ce55b15523af32822c,6.427065
5000,e6d92df5d55908d2a4b8f33e8e89aaad,11.541866
5000,75db4fadc0f6f1e60e5a2af5fd5528cc,7.154790
5000,1949bbaa6dd258cb2d155d64d6ed7db3,9.118900
5000,a18e302b52090d798601db7b69ddff6e,12.558806
5000,757a72406b0e879b1ec226faa3a634be,11.517115
5000,edd40baf8d89881e5854942df8e93972,12.028446
5000,25af6f3d548373a8690e3c796af68ab4,12.414525
5000,51a7c01295160db7bd3c434d90fff58e,12.261808
5000,3a4dd4e4affd71109a3af2b697ae9e6b,11.775195
5000,4584c739af3ba9d5a6b9d29fc68c2c5b,6.859864
5000,f980b5f4bce1b43d1a2bf60a85824f21,6.923636
5000,319f7fc11aa9c5706c79943f263b6f00,12.864294
5000,b0b5127d07c68d042bb1390f6996a553,16.031663
5000,fa8546159e7fadd12e40c068d496765d,11.923366
5000,32b65cc9cd5ac00fe9f117b3849cce85,3.655246
5000,cf25608115d10174ac30c93a685ecc05,16.928863
5000,423acd4f54cd8dffe22a365ba7deb42b,9.351028
5000,11f89176bd9e5b46f383cee50f6d2a84,11.606874
5000,d5a6e77bb5df138edc20491033b54230,12.990507
5000,cc5c7cfa4ec8937da7cc2bdd23d2f053,5.290312
5000,a2cabce559fe7b520a196d238a800b37,12.193877
5000,036f33f3bfb1b4a19f8bbea6d5ce66b3,12.069119
5000,08950f43adc828209d699342806c9993,10.270196
5000,3e1162af1506ce89a62b2af96e4c60bc,11.573610
5000,300e09cbdebc0ad1aef3ea7d6a95bfb2,11.857028
5000,f29f91b716084679f5c7835e75c03772,5.876330
5000,0f1c9cc7a739b19d51be9ea958d4d262,10.236339
5000,9021eade83e3d8ef4794ba0ed70c01b9,5.160946
5000,dab0747a3d3165ef5ee1c6d16f06a536,12.568683
5000,7afd7e322bac900e5fd7058fee44b4e6,12.518209
5000,9f2cf1bac7ce93ca7153ad0672ab3380,7.658108
5000,7a8c894a52cb6b6fe06c9f6468a4e01a,10.292038
5000,ba3bd37f7c18ec007891425993ac7c29,6.447290
5000,26763d5bbd9f0d4fe95aa5bfad84f009,4.742274
5000,59435d9220f96a24e88f8086326c2664,12.458326
5000,a18e302b52090d798601db7b69ddff6e,12.592888
5000,7a5004025b51d6b848f884fa32515337,11.808493
5000,db3968ef0618bef6829de913b4754fc5,10.043104
5000,170d0e9946a9ef01ad11856ea8a5bb5f,9.994191
5000,d6c3b1ffd918424b1e2c2f7c85f48342,8.794674
5000,036f33f3bfb1b4a19f8bbea6d5ce66b3,12.090789
5000,86325ea2ced45c37c67c9178773f0755,11.509874
5000,cbbbd7a8213e6bd5a9d6cfeca81017b0,7.123767
5000,75c7debece8762fcf45c444e75d1e175,9.512540
5000,5c9618ae8886022fb0979ca270632947,2.254451
5000,036f33f3bfb1b4a19f8bbea6d5ce66b3,12.092861
5000,927e2636caf77080550e4ed2c63ee551,13.082246
5000,6aac7aa1d066d1e039e868f5b241faf5,11.885263
5000,a5688ebcf3dc2ed193e756ecae66ed89,3.213708
5000,dccc7fc88c0a4c285bcf7ce639b65a3d,9.079675
5000,2a5e80208f43b771bd6dbfb2b9d6e5d8,4.351120
5000,60b5879301695a8d67b5a2e5065ed877,16.128856
5000,9e3760600e74c6b47b819005638504be,3.828796
5000,37f261d13d44a79b9a50395686a90c38,9.655061
5000,2b1024d5dad3f79195c6b33a61ecd494,11.985435
5000,cb9de1589b0b26cf89975bdba50deb6c,12.287359
5000,364ca935c00a2f72d9c577f0bc2de32f,7.140085
5000,364ca935c00a2f72d9c577f0bc2de32f,7.140460
5000,1ebc61b489bd1b9faf321ee0b1eab972,2.829607
5000,9f5c20f881a85a54d92102d1e4b1ae11,11.411047
5000,010e8eb33dce4d25a8040566c62b4003,3.411444
5000,927e2636caf77080550e4ed2c63ee551,13.106370
5000,b04b3e5f12b3b3b1aed776cdcdbae8aa,12.495821
5000,31808e88438b1500048a611cf1947323,8.416282
5000,11f89176bd9e5b46f383cee50f6d2a84,11.671926
5000,2ddab4bd185ed16de4fb8970ce1379d2,12.932416
5000,f449b59f3cf60e77531e7d6c75a3d08d,11.441155
5000,5240a4397863379e228cb04dc41dea66,12.603867
5000,1b02e0aedc0b0a702878688e93892153,2.900915
5000,2d4e309d21d5edec36208e5553b7c445,11.483136
5000,ff85e4f659e878c9866a52a027112875,16.221929
5000,b01d5fe4a42d56c0cbede152e1d24b84,8.819216
5000,5240a4397863379e228cb04dc41dea66,12.606897
5000,665dc1697ebc674df61dea5eba8e8bf7,10.410918
5000,79c6e01174a8eb6b6b6a594c8cb60828,5.490350
5000,b2b41534a5793b0230ca1690a4104b6f,13.689441
5000,e6d92df5d55908d2a4b8f33e8e89aaad,11.638501
5000,0adc60c71bc279feaeecc1dec58c5085,2.236176
5000,91c961fe2c06a0a75a0e615666f91484,8.281039
5000,479f12103103a3df6dbaf2fce0dd7867,11.484689
5000,ff85e4f659e878c9866a52a027112875,16.225607
5000,4106d20f22fa257676ce9d1f0be259f9,5.847404
5000,41ed5bffcca118c52fdc13795521cbe1,3.926530
5000,e75316fc5adbd05a1d0419f9b1347d78,11.215752
5000,757a72406b0e879b1ec226faa3a634be,11.603214
5000,64878ee4e6bd93bd3c1bb293958f67b6,6.809759
5000,0995e5724340ec30cc18521154a91de6,10.144565
5000,8bc87f5d0dbb2678ba012821303585d5,10.939450
5000,0ad6186a46d08bd71687b6ed8f722678,7.898814
5000,c299da5379add9c9e5e78969c152bdf4,13.314219
5000,0e60a2ca4039a003a8341d13bca46bf6,3.959199
5000,5ae1673d61c0f7573e30c1fdc9990535,5.516747
5000,2c411515387efc0353c8ab331cc0239a,3.316164
5000,006698480855d3c6810646530980b065,9.787220
5000,c8d8ec0be1f1ece4950b831ca8da546f,8.601937
5000,3bd539b0aff0763a406e8484da574048,6.817220
5000,f449b59f3cf60e77531e7d6c75a3d08d,11.462904
5000,5270885d6c32acb43a71f57e9310c11f,4.530247
5000,8a555020c775373ac5be53f98560fdcb,5.911974
5000,37f261d13d44a79b9a50395686a90c38,9.699162
5000,9232212d150b718c840d69436fffaf13,11.424754
5000,471fa0a2c3e3cc6d490bfcc85b1f81ae,12.480168
5000,9f5c20f881a85a54d92102d1e4b1ae11,11.451997
5000,80aaa289b8f61beb2853cba5787653e5,11.130805
5000,67609ae64ff6954453f333cdf0d886f4,3.761316
5000,641e1008791969530061abfddf883446,4.605124
5000,16aafff832e0200d0ae4b532d6b449ff,8.820599
5000,4a91e23584e76062f71cbedee1dbd96e,5.878785
5000,479f12103103a3df6dbaf2fce0dd7867,11.511755
5000,2d4e309d21d5edec36208e5553b7c445,11.514489
5000,89738a77c6b0f317fcbf0230c844479d,3.537363
5000,d8843b56df37967d7357a76411c8ee2c,10.814139
5000,4dc43f8b8f7bd4aa81982acff94de9ce,11.423341
5000,041499639a005aa9cdeece3a3bb3f7bd,10.852439
5000,479f12103103a3df6dbaf2fce0dd7867,11.513879
5000,1f9b544bcd059a369fe3636671d7cf47,10.080858
5000,353040c55544baac8b03dc8219c06583,11.161317
5000,35fef26ee331cfe59cd1bca82eff963c,7.719154
5000,7afd7e322bac900e5fd7058fee44b4e6,12.613546
5000,a181edab26dccd3828f5fdfbc3e0b027,11.317826
5000,25af6f3d548373a8690e3c796af68ab4,12.536555
5000,614ce9a282a9a29e2acffdae1e5d6fbb,11.719638
5000,59f400a51b08704f4e1d1fd3c9f18fb2,8.760399
5000,10e845a9fe4e2157049c7e6b264b2e66,10.669454
5000,00aa6549f79a8a24d2cb5c8e20e36c3d,3.242790
5000,170d0e9946a9ef01ad11856ea8a5bb5f,10.092595
5000,9b15eaf1aecc2f402dae49c34266b01b,11.070434
5000,0944a38bb2b0e04fd0dcba395d298cbc,2.224629
5000,9232212d150b718c840d69436fffaf13,11.458211
5000,9232212d150b718c840d69436fffaf13,11.458878
5000,212f86274573ae382f3c0be220a1905f,7.486695
5000,3e1162af1506ce89a62b2af96e4c60bc,11.690823
5000,edcfb6e96463c66f4437a0a18735c571,1.372803
5000,f37e9004806376c690bb23034ec71679,12.411078
5000,7e2f4afc8736178f11006aeac97fd9dd,10.571692
5000,09b5daa1405e51fdc09620094e9add43,10.066340
5000,73198e0a33d873a6425e848b5a7ba155,1.812690
5000,19b36666f0697310e8fde3d7d6a8bcd2,11.478449
5000,68d4d0c8d1fcf026da685429cc13326f,9.632414
5000,eec038614c56d910f485fbe7e1d57bf1,4.976666
5000,3f316f0ebb1b0c9cd6981161f6b00105,3.450935
5000,16567d4da1f1a9fbc38b221c517af74f,11.294201
5000,a6dd86b58fc60eee34097d57db531316,11.496800
5000,5c2c2b095472bf1c737070a791aca097,8.738709
5000,88354ce3159c93b9dc4f8b049211964e,3.861396
5000,95bab2a6b5999d4415f1a498743154e4,5.462863
5000,2436e3afe33af53211c7b985322d9c8f,6.901181
5000,a7fcd14853c3135b325614ea815f4ac2,4.163266
5000,ed47c20a4309b2fafb7587325140b92a,6.874760
5000,b34b4a2a601a4f8350f2bf2b63e9dee3,5.118953
5000,317f362bc7bc0ec9ea30b6442af63e39,11.240161
5000,79c6e01174a8eb6b6b6a594c8cb60828,5.578875
5000,a2cabce559fe7b520a196d238a800b37,12.351739
5000,f1fcc13c29808d27589c91a1a250a2b0,2.786706
5000,89ec0356f714e2a7445cc00805694fde,3.271901
5000,ed938b69dfc1b97b607a3449f5cf09d0,9.806380
5000,8925618c811ca629f91a83e350415ac0,3.198259
5000,24eb0a3853f5ab54be8d81e40ff730e8,11.505547
5000,2b1024d5dad3f79195c6b33a61ecd494,12.110028
5000,3e1162af1506ce89a62b2af96e4c60bc,11.737659
5000,e3ba05a132a26b41cd7314d70e9f5215,10.847058
5000,09562aab669e64227bec411647c041dc,2.501895
5000,2be26489362a42630b367137983265c0,7.897548
5000,a181edab26dccd3828f5fdfbc3e0b027,11.392847
5000,e75316fc5adbd05a1d0419f9b1347d78,11.326226
5000,09cb35cf08d7aa7fcc52c4374f0af7fd,9.782814
5000,18fd8460fb331743e36fc4508214a50a,6.536908
5000,51a7c01295160db7bd3c434d90fff58e,12.457069
5000,7514aa134383f37fb65cb3b9196f08b5,6.747195
5000,79ebe7da1e0432d7db9bd666b130d36e,4.299518
5000,19b36666f0697310e8fde3d7d6a8bcd2,11.525553
5000,981ff22d1007ad1a6f4c8b55de5820b3,10.998679
5000,530e1d45f96d0051a6cd5b2c11ebb618,6.760952
5000,4a91e23584e76062f71cbedee1dbd96e,5.969619
5000,ba3bd37f7c18ec007891425993ac7c29,6.618383
5000,4a91e23584e76062f71cbedee1dbd96e,5.971908
5000,9021eade83e3d8ef4794ba0ed70c01b9,5.340477
5000,8b14d44eee2d269b7f7cfb5302a6448a,6.115393
5000,f449b59f3cf60e77531e7d6c75a3d08d,11.567610
5000,c688ddf62c078739d207ad2555db760e,5.981558
5000,a6c66e23b500b4f9147d4efbe4b7222c,2.709423
5000,8ff69adfb893519613a5a0f384812444,10.617391
5000,8b14d44eee2d269b7f7cfb5302a6448a,6.115967
5000,05691561d106e7aa0485fe73677f373a,5.479683
5000,1b7e7828574462f76770cd5a0fcd7525,10.221239
5000,ed1ba17e62f9b0d7f8e50a9af6506b35,1.371311
5000,e6d92df5d55908d2a4b8f33e8e89aaad,11.767161
5000,79c6e01174a8eb6b6b6a594c8cb60828,5.620177
5000,00d7c4378f9a9b9c5d5d88e495614fcd,8.298044
5000,e3660be3db98c72d9ebbf3c6eea7e5e2,12.510089
5000,b021b57c69625450f5473b314be1f688,8.014066
5000,353040c55544baac8b03dc8219c06583,11.262667
5000,89ec0356f714e2a7445cc00805694fde,3.314643
5000,80aaa289b8f61beb2853cba5787653e5,11.246584
5000,e13e882b7da91d47afea1d2a7f4fd7e9,4.016599
5000,587b448f71429021be73a4b63c6b3732,10.500389
5000,4dc43f8b8f7bd4aa81982acff94de9ce,11.537847
5000,89738a77c6b0f317fcbf0230c844479d,3.653113
5000,57e831c092cd7e84a3b73cc93e4c3edd,8.054472
5000,1d8509234a312d86c8f2d78328315677,9.223033
5000,f14851e88a53789df12af35196537906,4.330406
5000,16567d4da1f1a9fbc38b221c517af74f,11.367572
5000,9ef93c2e4222d51d34968b7659bf1a1a,0.825402
5000,f4d5b11de19d944fba59b7417b63cca9,9.065091
5000,e34f68dec933dbfd37fc366ccb461b11,0.627803
5000,d20c761a4f5e41ca290c59cc6eea7163,6.617025
5000,26f14f17e74b0963addf4be597ed0ad0,5.917198
5000,edd40baf8d89881e5854942df8e93972,12.269147
5000,09cb35cf08d7aa7fcc52c4374f0af7fd,9.833349
5000,51a7c01295160db7bd3c434d90fff58e,12.508162
5000,86325ea2ced45c37c67c9178773f0755,11.723512
5000,b921624ce92dc7dc6d9f98c1c53f7e9d,2.094397
5000,77bddfc5fba93fbc437d2990d5e9cd4c,9.352621
5000,5240a4397863379e228cb04dc41dea66,12.777774
5000,c8d8ec0be1f1ece4950b831ca8da546f,8.761427
5000,9f5c20f881a85a54d92102d1e4b1ae11,11.597137
5000,df89e59dc5f60b1439973354f34ca65b,12.843859
5000,79ebe7da1e0432d7db9bd666b130d36e,4.362871
5000,78e0c6ac9935fec466ac4356f0a2ea64,11.260781
5000,f55056d0673d18417acfc638e34a81d2,7.213981
5000,f55056d0673d18417acfc638e34a81d2,7.215022
5000,c2a78f0d1090021e6682ff4462bb5d1d,1.027807
5000,2f38717ba788d08f844558b3b6437d18,9.238919
5000,ec83d8857dcc52b00f7f7e9397ed10e7,6.263029
5000,19b36666f0697310e8fde3d7d6a8bcd2,11.599164
5000,14d2c1451f912e776618960bc7d73d14,8.481369
5000,84c7f6204045839ff68b6a0a4bb253bc,8.506324
5000,614ce9a282a9a29e2acffdae1e5d6fbb,11.868883
5000,7de342d4499583adf6bb4e15d4bbcfaa,3.216658
5000,16af1fb9e8b7ac62aa323058098c2261,7.227316
5000,4dc43f8b8f7bd4aa81982acff94de9ce,11.590104
5000,757a72406b0e879b1ec226faa3a634be,11.806718
5000,75c7debece8762fcf45c444e75d1e175,9.764333
5000,dccc7fc88c0a4c285bcf7ce639b65a3d,9.317948
5000,caec202e6e94825210c76044eb72608e,5.317523
5000,d6c3b1ffd918424b1e2c2f7c85f48342,9.048571
5000,0adc60c71bc279feaeecc1dec58c5085,2.443138
5000,93dc5d60d280ee3a9ea70848836342c0,5.304633
5000,cec1167c249495640adab2c470c4d94d,5.108540
5000,2b14072fface0f0f4762f1edcff27b4a,7.543436
5000,7a5004025b51d6b848f884fa32515337,12.069793
5000,02dfcfc7863c5dcbb80b9c96bea8934c,5.747811
5000,88747dd37aa353b2c8409b244e98a56b,3.602357
5000,603d5db23135ac31c8c176ea6a94a5c3,4.500884
5000,a6dd86b58fc60eee34097d57db531316,11.644423
5000,05ccc856345af8469f968d8a31a97092,10.796137
5000,24eb0a3853f5ab54be8d81e40ff730e8,11.626987
5000,9256da609e837515d1d458e9a1ba0f51,4.440710
5000,f26947459a8bb27c31dc3c3c5f48dc17,7.134839
5000,3919c54b0ce7c08eb12093d3e87fa98d,9.859531
5000,8a3f8f4a3f117f2822cfe4f7e320e1f8,5.688299
5000,f4d5b11de19d944fba59b7417b63cca9,9.141878
5000,8bc87f5d0dbb2678ba012821303585d5,11.159466
5000,e181d4d1e78b08ce55b15523af32822c,6.750643
5000,8fbf4485cdc54bb2329a17deb4067473,6.169168
5000,b85597172514e486a7c407b2b4af58e6,5.904746
5000,2b14072fface0f0f4762f1edcff27b4a,7.557713
5000,006698480855d3c6810646530980b065,10.006216
5000,9b15eaf1aecc2f402dae49c34266b01b,11.251153
5000,317f362bc7bc0ec9ea30b6442af63e39,11.385639
5000,cb9de1589b0b26cf89975bdba50deb6c,12.544057
5000,d4dcbb301a3ca46634753e7d36f3672c,5.184175
5000,1949bbaa6dd258cb2d155d64d6ed7db3,9.437453
5000,0ad6186a46d08bd71687b6ed8f722678,8.129960
5000,02dfcfc7863c5dcbb80b9c96bea8934c,5.779174
5000,530e1d45f96d0051a6cd5b2c11ebb618,6.889874
5000,bf5b0a16479f21f1584674158adecf81,3.373432
5000,4524e61977445813f321002b72c58a55,10.568708
5000,37f261d13d44a79b9a50395686a90c38,9.927641
5000,85a69de8e2b2f297720ee82ba4305ad9,9.998520
5000,4b7c450289c12f1f90a20232764c55f8,2.136814
5000,16567d4da1f1a9fbc38b221c517af74f,11.479039
5000,80aaa289b8f61beb2853cba5787653e5,11.362162
5000,700bcb4aebfab1fd47bd04834b17c092,6.785697
5000,041499639a005aa9cdeece3a3bb3f7bd,11.080075
5000,d409633b08b2cc6641ecd3fbfb7df651,3.823954
5000,837e4b224316e6041f663d77e0e7ab9e,3.593971
5000,938f686f7d1e4997ee79fdefea56f369,9.464163
5000,7a8c894a52cb6b6fe06c9f6468a4e01a,10.603836
5000,24eb0a3853f5ab54be8d81e40ff730e8,11.665566
5000,7a8c894a52cb6b6fe06c9f6468a4e01a,10.603997
5000,26763d5bbd9f0d4fe95aa5bfad84f009,5.054654
5000,8ff69adfb893519613a5a0f384812444,10.757409
5000,1949bbaa6dd258cb2d155d64d6ed7db3,9.466263
5000,353040c55544baac8b03dc8219c06583,11.390866
5000,88354ce3159c93b9dc4f8b049211964e,4.051226
5000,423acd4f54cd8dffe22a365ba7deb42b,9.691383
5000,b01d5fe4a42d56c0cbede152e1d24b84,9.088095
5000,68d4d0c8d1fcf026da685429cc13326f,9.835057
5000,8636d071fe4d06f09989c8a4e0fb2e68,8.290592
5000,3afdbc28c0c2ec681954c06fd7edc13d,8.122509
5000,8dae0815ca2c3b6444cf428bc17905d8,1.687663
5000,00d7c4378f9a9b9c5d5d88e495614fcd,8.446280
5000,e5edaedfacfa4d36fba79b54a7ee359d,3.183311
5000,520880384db34dc08f277daa48367e28,7.498387
5000,88354ce3159c93b9dc4f8b049211964e,4.064865
5000,cec1167c249495640adab2c470c4d94d,5.178167
5000,d20c761a4f5e41ca290c59cc6eea7163,6.741210
5000,8bc87f5d0dbb2678ba012821303585d5,11.216716
5000,700bcb4aebfab1fd47bd04834b17c092,6.809159
5000,300e09cbdebc0ad1aef3ea7d6a95bfb2,12.200466
5000,2d4e309d21d5edec36208e5553b7c445,11.767741
5000,79a2c951067846508a37a01ea52b95f2,3.495761
5000,e83342b5a558fa5ca9b6076dda1b4bbc,3.517413
5000,3a4dd4e4affd71109a3af2b697ae9e6b,12.163913
5000,64878ee4e6bd93bd3c1bb293958f67b6,7.115072
5000,f53ab0b9162348d64917d25b5d584a1e,11.801048
5000,8a555020c775373ac5be53f98560fdcb,6.202078
5000,1b02e0aedc0b0a702878688e93892153,3.214161
5000,3275ef5c04e212e0a7f7cd6d926e6267,0.089493
5000,bf02d63fccf1b7279b9ebf55021dd265,5.835508
5000,78e0c6ac9935fec466ac4356f0a2ea64,11.395319
5000,364ca935c00a2f72d9c577f0bc2de32f,7.479840
5000,8a555020c775373ac5be53f98560fdcb,6.216352
5000,d918c67774456d9ca9063378f4e56d7f,5.983868
5000,665dc1697ebc674df61dea5eba8e8bf7,10.736310
5000,a5688ebcf3dc2ed193e756ecae66ed89,3.571683
5000,8b14d44eee2d269b7f7cfb5302a6448a,6.319562
5000,1b7e7828574462f76770cd5a0fcd7525,10.423457
5000,75c7debece8762fcf45c444e75d1e175,9.885151
5000,4584c739af3ba9d5a6b9d29fc68c2c5b,7.270161
5000,711509f0b7401b99d868d9f2e598718b,2.308664
5000,587b448f71429021be73a4b63c6b3732,10.698340
5000,8fbf4485cdc54bb2329a17deb4067473,6.283525
5000,7514aa134383f37fb65cb3b9196f08b5,6.974619
5000,68d4d0c8d1fcf026da685429cc13326f,9.905237
5000,e75316fc5adbd05a1d0419f9b1347d78,11.555589
5000,80661f518affaf946253fd59733175d0,16.794357
5000,e3ba05a132a26b41cd7314d70e9f5215,11.088044
5000,f55056d0673d18417acfc638e34a81d2,7.375038
5000,91c961fe2c06a0a75a0e615666f91484,8.624047
5000,7e2f4afc8736178f11006aeac97fd9dd,10.856159
5000,d6c3b1ffd918424b1e2c2f7c85f48342,9.186212
5000,9b15eaf1aecc2f402dae49c34266b01b,11.364492
5000,dccc7fc88c0a4c285bcf7ce639b65a3d,9.457624
5000,317f362bc7bc0ec9ea30b6442af63e39,11.499410
5000,8bc87f5d0dbb2678ba012821303585d5,11.283912
5000,d409633b08b2cc6641ecd3fbfb7df651,3.914480
5000,77bddfc5fba93fbc437d2990d5e9cd4c,9.533540
5000,f85f33cad58759d7f50be9320bbd9ddd,4.386263
5000,02dfcfc7863c5dcbb80b9c96bea8934c,5.886818
5000,cec1167c249495640adab2c470c4d94d,5.251515
5000,4584c739af3ba9d5a6b9d29fc68c2c5b,7.294247
5000,16aafff832e0200d0ae4b532d6b449ff,9.146707
5000,5a6f193e01c517dcce623ca6fc410401,6.691114
5000,4a91e23584e76062f71cbedee1dbd96e,6.205843
5000,f14851e88a53789df12af35196537906,4.539455
5000,2bc68239108bef03a8f959a06483d90b,1.476153
5000,938f686f7d1e4997ee79fdefea56f369,9.561394
5000,bf5b0a16479f21f1584674158adecf81,3.489392
5000,041499639a005aa9cdeece3a3bb3f7bd,11.186982
5000,f980b5f4bce1b43d1a2bf60a85824f21,7.367373
5000,e181d4d1e78b08ce55b15523af32822c,6.890132
5000,9e3760600e74c6b47b819005638504be,4.225578
5000,9837f692a89938222d5fc3935a3acb11,2.307800
5000,bf02d63fccf1b7279b9ebf55021dd265,5.888120
5000,67609ae64ff6954453f333cdf0d886f4,4.103034
5000,4126b3b23595b7cfc12f927806811a6f,3.081987
5000,77bddfc5fba93fbc437d2990d5e9cd4c,9.552033
5000,16aafff832e0200d0ae4b532d6b449ff,9.161805
5000,b7905ef1d9500475d39c63c71081d09a,7.392497
5000,170d0e9946a9ef01ad11856ea8a5bb5f,10.411589
5000,3a4dd4e4affd71109a3af2b697ae9e6b,12.226879
5000,4524e61977445813f321002b72c58a55,10.692175
5000,bfca7db9927b36b592eb0ceff0fca015,2.016546
5000,d6c3b1ffd918424b1e2c2f7c85f48342,9.213495
5000,cbbbd7a8213e6bd5a9d6cfeca81017b0,7.541712
5000,79c6e01174a8eb6b6b6a594c8cb60828,5.871422
5000,587b448f71429021be73a4b63c6b3732,10.739336
5000,10e845a9fe4e2157049c7e6b264b2e66,11.003983
5000,05ccc856345af8469f968d8a31a97092,10.957825
5000,2c411515387efc0353c8ab331cc0239a,3.694013
5000,41ed5bffcca118c52fdc13795521cbe1,4.307739
5000,18fd8460fb331743e36fc4508214a50a,6.807204
5000,75db4fadc0f6f1e60e5a2af5fd5528cc,7.623194
5000,9376df94e7648621c55ffe5a016ffd36,4.681202
5000,ed938b69dfc1b97b607a3449f5cf09d0,10.092617
5000,c035702a93ed37a4738b39054ac6d0c4,9.222584
5000,b85597172514e486a7c407b2b4af58e6,6.063458
5000,db3968ef0618bef6829de913b4754fc5,10.476354
5000,353040c55544baac8b03dc8219c06583,11.511296
5000,2be26489362a42630b367137983265c0,8.183709
5000,67609ae64ff6954453f333cdf0d886f4,4.124384
5000,67609ae64ff6954453f333cdf0d886f4,4.124594
5000,603d5db23135ac31c8c176ea6a94a5c3,4.671036
5000,700bcb4aebfab1fd47bd04834b17c092,6.918460
5000,d20c761a4f5e41ca290c59cc6eea7163,6.851446
5000,4081bee406780d2547a078ae04d0da94,5.396942
5000,824a2c8a13e8a659534b3fb798df2f33,7.203646
5000,bf02d63fccf1b7279b9ebf55021dd265,5.911635
5000,b01d5fe4a42d56c0cbede152e1d24b84,9.212457
5000,77bddfc5fba93fbc437d2990d5e9cd4c,9.576154
5000,80aaa289b8f61beb2853cba5787653e5,11.498167
5000,a92873b3fef71badcbe6876b2b720dae,4.290620
5000,1949bbaa6dd258cb2d155d64d6ed7db3,9.597548
5000,1be7d5ee4d96214199e0392f946378ec,1.661950
5000,3919c54b0ce7c08eb12093d3e87fa98d,10.031416
5000,91c961fe2c06a0a75a0e615666f91484,8.676571
5000,2b14072fface0f0f4762f1edcff27b4a,7.727439
5000,165a4ce9be4f0b910d1cc39dcad17aa3,0.426147
5000,9376df94e7648621c55ffe5a016ffd36,4.694073
5000,300e09cbdebc0ad1aef3ea7d6a95bfb2,12.318041
5000,010e8eb33dce4d25a8040566c62b4003,3.831331
5000,0f8764fd7f693478a7fead447a4c511d,0.232221
5000,a0bacedb7df689bf2b6783451a626741,1.895756
5000,010e8eb33dce4d25a8040566c62b4003,3.832956
5000,a6c66e23b500b4f9147d4efbe4b7222c,2.994339
5000,bf5b0a16479f21f1584674158adecf81,3.533579
5000,a181edab26dccd3828f5fdfbc3e0b027,11.687155
5000,7e2f4afc8736178f11006aeac97fd9dd,10.920815
5000,edd40baf8d89881e5854942df8e93972,12.521763
5000,5a6f193e01c517dcce623ca6fc410401,6.747550
5000,35fef26ee331cfe59cd1bca82eff963c,8.094949
5000,520880384db34dc08f277daa48367e28,7.634907
5000,00d7c4378f9a9b9c5d5d88e495614fcd,8.583948
5000,00aa6549f79a8a24d2cb5c8e20e36c3d,3.611947
5000,5270885d6c32acb43a71f57e9310c11f,4.930367
5000,3bd539b0aff0763a406e8484da574048,7.223266
5000,006698480855d3c6810646530980b065,10.195227
5000,26763d5bbd9f0d4fe95aa5bfad84f009,5.212427
5000,9189c3df098ab0108a33e9b7f37d31b8,0.001904
5000,0e60a2ca4039a003a8341d13bca46bf6,4.376609
5000,14d2c1451f912e776618960bc7d73d14,8.713907
5000,06a255c8fffe7d368591838de9fe70e3,3.303486
5000,5c2c2b095472bf1c737070a791aca097,9.089893
5000,8ff69adfb893519613a5a0f384812444,10.920255
5000,4106d20f22fa257676ce9d1f0be259f9,6.270573
5000,7a8c894a52cb6b6fe06c9f6468a4e01a,10.800495
5000,b332d153ced0869cc9d0629b172d4881,0.036293
5000,db3968ef0618bef6829de913b4754fc5,10.655583
5000,5ca584380497665a3c500098eeb0111c,9.490722
5000,993b31ab70d9ae7811adf7c53e32dcc7,0.012464
5000,2be26489362a42630b367137983265c0,8.424186
5000,e83342b5a558fa5ca9b6076dda1b4bbc,3.839502
5000,37f261d13d44a79b9a50395686a90c38,10.308250
5000,5072d6fd4ee7b9ec7eed40ed89d1ae14,0.005932
5000,b7905ef1d9500475d39c63c71081d09a,7.692885
5000,4081bee406780d2547a078ae04d0da94,5.767527
5000,eb810c09c5e6edeba1910face5fdc5b1,0.063885
5000,c3ce19c0e60f3229f765b92f871a0b8f,0.015143
5000,d3ca2d5107f5849b072c440587f1395d,18.731289
5000,2e5026c4cdbc0ca43080eb2fb4cb4d98,0.002621
5000,a5688ebcf3dc2ed193e756ecae66ed89,4.200324
5000,10e845a9fe4e2157049c7e6b264b2e66,11.595165
5000,f4708dc4a1fd68f61278766cb8f1dcd4,1.562262
5000,e181d4d1e78b08ce55b15523af32822c,7.648458
5000,d3ca2d5107f5849b072c440587f1395d,19.013361
5000,05691561d106e7aa0485fe73677f373a,6.573303
5000,20b944e52ed0ac318ecc4c74944ec8de,0.031972
5000,a52c550c4abc9b3c127bb4df141c82de,0.007383
5000,9e3760600e74c6b47b819005638504be,5.279204
5000,3f316f0ebb1b0c9cd6981161f6b00105,4.868961
5000,b8dc356e50417ff99a9ceebd5230d036,0.012416
5000,36334eee4964dc2505d38dae7da48aab,0.003852
5000,08950f43adc828209d699342806c9993,12.591247
5000,88354ce3159c93b9dc4f8b049211964e,6.043759
5000,f29f91b716084679f5c7835e75c03772,8.196211
5000,e83342b5a558fa5ca9b6076dda1b4bbc,5.469422
5000,fff7a3c1f977c708979361239dc8a4b8,0.000361
