10_5000,0,-37800
10_5000,1,15
10_5000,21,6
10_5000,22,179
10_5000,41,1102
10_5000,42,1661
10_5000,9,1019
10_5000,17,620
10_5000,20,3285
10_5000,44,212
10_5000,65,30
10_5000,60,333
10_5000,12,249
10_5000,7,1153
10_5000,39,388
10_5000,52,312
10_5000,62,94
10_5000,11,905
10_5000,16,587
10_5000,23,630
10_5000,13,193
10_5000,5,109
10_5000,63,0
10_5000,8,102
10_5000,18,730
10_5000,28,516
10_5000,29,689
10_5000,33,434
10_5000,6,1500
10_5000,26,479
10_5000,37,18
10_5000,43,1011
10_5000,61,30
10_5000,67,307
10_5000,27,372
10_5000,36,530
10_5000,57,46
10_5000,25,227
10_5000,40,2610
10_5000,66,33
10_5000,10,173
10_5000,24,1242
10_5000,38,376
10_5000,47,83
10_5000,49,1001
10_5000,53,516
10_5000,64,239
10_5000,30,36
10_5000,35,760
10_5000,45,1771
10_5000,48,460
10_5000,68,60
10_5000,14,914
10_5000,31,1
10_5000,32,269
10_5000,4,344
10_5000,50,1826
10_5000,51,467
10_5000,56,712
10_5000,3,289
10_5000,34,189
10_5000,55,311
10_5000,59,691
10_5000,15,113
10_5000,19,146
10_5000,2,19
10_5000,46,429
10_5000,54,1498
10_5000,58,149
10_5001,21,52
10_5001,4,1169
10_5001,43,251
10_5001,49,1690
10_5001,28,41
10_5001,29,53
10_5001,32,216
10_5001,37,450
10_5001,14,530
10_5001,19,336
10_5001,23,481
10_5001,26,139
10_5001,7,440
10_5001,22,499
10_5001,35,550
10_5001,39,21
10_5001,46,596
10_5001,5,877
10_5001,38,298
10_5001,11,84
10_5001,12,1385
10_5001,2,597
10_5001,25,17
10_5001,42,140
10_5001,44,19
10_5001,1,826
10_5001,17,42
10_5001,24,372
10_5001,8,294
10_5001,9,1298
10_5001,41,372
10_5001,40,1021
10_5001,48,808
10_5001,18,145
10_5001,20,1043
10_5001,36,212
10_5001,6,223
10_5001,52,706
10_5001,34,983
10_5001,47,16
10_5001,51,305
10_5001,10,654
10_5001,13,1062
10_5001,16,1855
10_5001,30,86
10_5001,31,324
10_5001,33,1134
10_5001,45,1132
10_5001,0,-27014
10_5001,15,495
10_5001,27,6
10_5001,3,669
10_5002,5,109
10_5002,62,94
10_5002,13,193
10_5002,14,914
10_5002,2,19
10_5002,26,479
10_5002,28,516
10_5002,49,1001
10_5002,50,1826
10_5002,52,312
10_5002,0,-37800
10_5002,1,15
10_5002,23,630
10_5002,35,760
10_5002,39,388
10_5002,45,1771
10_5002,61,30
10_5002,63,0
10_5002,34,189
10_5002,38,376
10_5002,9,1019
10_5002,66,33
10_5002,16,587
10_5002,20,3285
10_5002,43,1011
10_5002,44,212
10_5002,51,467
10_5002,6,1500
10_5002,33,434
10_5002,10,173
10_5002,11,905
10_5002,15,113
10_5002,30,36
10_5002,47,83
10_5002,54,1498
10_5002,65,30
10_5002,60,333
10_5002,12,249
10_5002,18,730
10_5002,29,689
10_5002,3,289
10_5002,41,1102
10_5002,68,60
10_5002,17,620
10_5002,40,2610
10_5002,8,102
10_5002,24,1242
10_5002,27,372
10_5002,42,1661
10_5002,58,149
10_5002,59,691
10_5002,19,146
10_5002,25,227
10_5002,31,1
10_5002,32,269
10_5002,37,18
10_5002,21,6
10_5002,22,179
10_5002,48,460
10_5002,53,516
10_5002,64,239
10_5002,46,429
10_5002,56,712
10_5002,36,530
10_5002,4,344
10_5002,55,311
10_5002,57,46
10_5002,7,1153
10_5002,67,307
10_5003,38,376
10_5003,4,344
10_5003,45,1771
10_5003,56,712
10_5003,59,691
10_5003,20,3285
10_5003,24,1242
10_5003,25,227
10_5003,36,530
10_5003,39,388
10_5003,40,2610
10_5003,62,94
10_5003,9,1019
10_5003,68,60
10_5003,51,467
10_5003,60,333
10_5003,29,689
10_5003,3,289
10_5003,52,312
10_5003,61,30
10_5003,13,193
10_5003,19,146
10_5003,21,6
10_5003,46,429
10_5003,48,460
10_5003,53,516
10_5003,6,1500
10_5003,30,36
10_5003,65,30
10_5003,0,-37800
10_5003,34,189
10_5003,43,1011
10_5003,63,0
10_5003,66,33
10_5003,41,1102
10_5003,42,1661
10_5003,47,83
10_5003,49,1001
10_5003,2,19
10_5003,22,179
10_5003,23,630
10_5003,67,307
10_5003,27,372
10_5003,32,269
10_5003,5,109
10_5003,10,173
10_5003,16,587
10_5003,31,1
10_5003,35,760
10_5003,54,1498
10_5003,8,102
10_5003,15,113
10_5003,37,18
10_5003,64,239
10_5003,7,1153
10_5003,1,15
10_5003,50,1826
10_5003,55,311
10_5003,17,620
10_5003,26,479
10_5003,28,516
10_5003,44,212
10_5003,11,905
10_5003,12,249
10_5003,14,914
10_5003,18,730
10_5003,33,434
10_5003,57,46
10_5003,58,149
10_5004,20,1043
10_5004,27,6
10_5004,3,669
10_5004,31,324
10_5004,45,1132
10_5004,0,-27014
10_5004,35,550
10_5004,36,212
10_5004,7,440
10_5004,40,1021
10_5004,51,305
10_5004,52,706
10_5004,12,1385
10_5004,15,495
10_5004,33,1134
10_5004,4,1169
10_5004,8,294
10_5004,9,1298
10_5004,44,19
10_5004,34,983
10_5004,1,826
10_5004,10,654
10_5004,13,1062
10_5004,14,530
10_5004,19,336
10_5004,22,499
10_5004,26,139
10_5004,42,140
10_5004,23,481
10_5004,25,17
10_5004,38,298
10_5004,43,251
10_5004,47,16
10_5004,16,1855
10_5004,17,42
10_5004,32,216
10_5004,37,450
10_5004,46,596
10_5004,11,84
10_5004,21,52
10_5004,29,53
10_5004,30,86
10_5004,41,372
10_5004,48,808
10_5004,49,1690
10_5004,18,145
10_5004,2,597
10_5004,24,372
10_5004,28,41
10_5004,5,877
10_5004,6,223
10_5004,39,21
10_5005,12,249
10_5005,2,19
10_5005,55,311
10_5005,57,46
10_5005,64,239
10_5005,25,227
10_5005,34,189
10_5005,49,1001
10_5005,61,30
10_5005,0,-37800
10_5005,20,3285
10_5005,52,312
10_5005,54,1498
10_5005,62,94
10_5005,43,1011
10_5005,8,102
10_5005,15,113
10_5005,36,530
10_5005,68,60
10_5005,45,1771
10_5005,53,516
10_5005,6,1500
10_5005,26,479
10_5005,28,516
10_5005,29,689
10_5005,32,269
10_5005,40,2610
10_5005,67,307
10_5005,60,333
10_5005,30,36
10_5005,37,18
10_5005,63,0
10_5005,11,905
10_5005,66,33
10_5005,17,620
10_5005,22,179
10_5005,48,460
10_5005,51,467
10_5005,7,1153
10_5005,10,173
10_5005,23,630
10_5005,38,376
10_5005,50,1826
10_5005,56,712
10_5005,31,1
10_5005,33,434
10_5005,14,914
10_5005,27,372
10_5005,4,344
10_5005,42,1661
10_5005,9,1019
10_5005,13,193
10_5005,39,388
10_5005,44,212
10_5005,5,109
10_5005,59,691
10_5005,65,30
10_5005,1,15
10_5005,19,146
10_5005,21,6
10_5005,46,429
10_5005,47,83
10_5005,58,149
10_5005,18,730
10_5005,24,1242
10_5005,3,289
10_5005,35,760
10_5005,41,1102
10_5005,16,587
10_5006,59,691
10_5006,61,30
10_5006,66,33
10_5006,2,19
10_5006,21,6
10_5006,5,109
10_5006,37,18
10_5006,45,1771
10_5006,9,1019
10_5006,38,376
10_5006,44,212
10_5006,56,712
10_5006,57,46
10_5006,20,3285
10_5006,24,1242
10_5006,31,1
10_5006,53,516
10_5006,47,83
10_5006,17,620
10_5006,29,689
10_5006,42,1661
10_5006,46,429
10_5006,51,467
10_5006,16,587
10_5006,28,516
10_5006,58,149
10_5006,7,1153
10_5006,22,179
10_5006,48,460
10_5006,52,312
10_5006,11,905
10_5006,26,479
10_5006,55,311
10_5006,13,193
10_5006,25,227
10_5006,50,1826
10_5006,68,60
10_5006,23,630
10_5006,43,1011
10_5006,3,289
10_5006,32,269
10_5006,35,760
10_5006,39,388
10_5006,40,2610
10_5006,6,1500
10_5006,14,914
10_5006,15,113
10_5006,62,94
10_5006,41,1102
10_5006,8,102
10_5006,10,173
10_5006,34,189
10_5006,4,344
10_5006,54,1498
10_5006,63,0
10_5006,67,307
10_5006,19,146
10_5006,30,36
10_5006,27,372
10_5006,49,1001
10_5006,64,239
10_5006,12,249
10_5006,18,730
10_5006,33,434
10_5006,36,530
10_5006,65,30
10_5006,60,333
10_5006,0,-37800
10_5006,1,15
10_5007,27,6
10_5007,34,983
10_5007,43,251
10_5007,49,1690
10_5007,52,706
10_5007,25,17
10_5007,29,53
10_5007,3,669
10_5007,38,298
10_5007,13,1062
10_5007,14,530
10_5007,18,145
10_5007,11,84
10_5007,15,495
10_5007,20,1043
10_5007,21,52
10_5007,23,481
10_5007,32,216
10_5007,4,1169
10_5007,44,19
10_5007,10,654
10_5007,40,1021
10_5007,6,223
10_5007,7,440
10_5007,47,16
10_5007,30,86
10_5007,19,336
10_5007,26,139
10_5007,33,1134
10_5007,5,877
10_5007,39,21
10_5007,45,1132
10_5007,1,826
10_5007,12,1385
10_5007,16,1855
10_5007,17,42
10_5007,22,499
10_5007,24,372
10_5007,31,324
10_5007,35,550
10_5007,0,-27014
10_5007,8,294
10_5007,9,1298
10_5007,42,140
10_5007,46,596
10_5007,37,450
10_5007,28,41
10_5007,36,212
10_5007,41,372
10_5007,48,808
10_5007,51,305
10_5007,2,597
10_5008,18,730
10_5008,35,760
10_5008,50,1826
10_5008,32,269
10_5008,40,2610
10_5008,44,212
10_5008,15,113
10_5008,29,689
10_5008,52,312
10_5008,19,146
10_5008,20,3285
10_5008,22,179
10_5008,27,372
10_5008,30,36
10_5008,42,1661
10_5008,11,905
10_5008,39,388
10_5008,53,516
10_5008,54,1498
10_5008,9,1019
10_5008,68,60
10_5008,63,0
10_5008,65,30
10_5008,67,307
10_5008,60,333
10_5008,56,712
10_5008,64,239
10_5008,23,630
10_5008,49,1001
10_5008,51,467
10_5008,66,33
10_5008,25,227
10_5008,36,530
10_5008,55,311
10_5008,24,1242
10_5008,28,516
10_5008,5,109
10_5008,14,914
10_5008,3,289
10_5008,57,46
10_5008,8,102
10_5008,10,173
10_5008,37,18
10_5008,58,149
10_5008,6,1500
10_5008,46,429
10_5008,61,30
10_5008,0,-37800
10_5008,13,193
10_5008,16,587
10_5008,21,6
10_5008,34,189
10_5008,38,376
10_5008,62,94
10_5008,7,1153
10_5008,1,15
10_5008,17,620
10_5008,2,19
10_5008,26,479
10_5008,31,1
10_5008,48,460
10_5008,45,1771
10_5008,59,691
10_5008,12,249
10_5008,33,434
10_5008,4,344
10_5008,41,1102
10_5008,43,1011
10_5008,47,83
10_5009,15,495
10_5009,25,17
10_5009,9,1298
10_5009,10,654
10_5009,11,84
10_5009,12,1385
10_5009,20,1043
10_5009,22,499
10_5009,23,481
10_5009,27,6
10_5009,30,86
10_5009,33,1134
10_5009,5,877
10_5009,6,223
10_5009,46,596
10_5009,47,16
10_5009,49,1690
10_5009,51,305
10_5009,1,826
10_5009,19,336
10_5009,35,550
10_5009,4,1169
10_5009,39,21
10_5009,0,-27014
10_5009,17,42
10_5009,21,52
10_5009,24,372
10_5009,28,41
10_5009,29,53
10_5009,31,324
10_5009,8,294
10_5009,45,1132
10_5009,48,808
10_5009,13,1062
10_5009,34,983
10_5009,36,212
10_5009,38,298
10_5009,42,140
10_5009,52,706
10_5009,2,597
10_5009,37,450
10_5009,41,372
10_5009,44,19
10_5009,18,145
10_5009,3,669
10_5009,32,216
10_5009,43,251
10_5009,14,530
10_5009,16,1855
10_5009,26,139
10_5009,7,440
10_5009,40,1021
10_5010,14,530
10_5010,42,140
10_5010,6,223
10_5010,8,294
10_5010,52,706
10_5010,13,1062
10_5010,19,336
10_5010,20,1043
10_5010,22,499
10_5010,31,324
10_5010,28,41
10_5010,30,86
10_5010,36,212
10_5010,0,-27014
10_5010,16,1855
10_5010,17,42
10_5010,24,372
10_5010,27,6
10_5010,5,877
10_5010,7,440
10_5010,45,1132
10_5010,46,596
10_5010,48,808
10_5010,18,145
10_5010,37,450
10_5010,47,16
10_5010,51,305
10_5010,39,21
10_5010,43,251
10_5010,11,84
10_5010,26,139
10_5010,29,53
10_5010,32,216
10_5010,38,298
10_5010,9,1298
10_5010,41,372
10_5010,1,826
10_5010,12,1385
10_5010,23,481
10_5010,3,669
10_5010,34,983
10_5010,35,550
10_5010,4,1169
10_5010,44,19
10_5010,15,495
10_5010,2,597
10_5010,21,52
10_5010,25,17
10_5010,33,1134
10_5010,10,654
10_5010,40,1021
10_5010,49,1690
2_5000,4,384
2_5000,9,896
2_5000,49,802
2_5000,59,363
2_5000,12,249
2_5000,14,917
2_5000,22,23
2_5000,48,460
2_5000,51,29
2_5000,40,2220
2_5000,17,368
2_5000,25,436
2_5000,38,293
2_5000,21,846
2_5000,61,13
2_5000,1,202
2_5000,41,1102
2_5000,44,212
2_5000,27,1310
2_5000,31,1
2_5000,50,1826
2_5000,53,1095
2_5000,57,46
2_5000,60,520
2_5000,28,532
2_5000,3,308
2_5000,32,462
2_5000,33,373
2_5000,35,745
2_5000,5,1796
2_5000,39,388
2_5000,45,1771
2_5000,11,1021
2_5000,13,517
2_5000,20,2176
2_5000,47,83
2_5000,56,724
2_5000,64,429
2_5000,2,25
2_5000,34,219
2_5000,7,1107
2_5000,30,79
2_5000,62,94
2_5000,26,121
2_5000,37,18
2_5000,6,1505
2_5000,46,429
2_5000,55,424
2_5000,63,0
2_5000,10,173
2_5000,36,418
2_5000,43,526
2_5000,65,30
2_5000,24,873
2_5000,29,689
2_5000,8,102
2_5000,42,1735
2_5000,54,820
2_5000,0,-37800
2_5000,16,587
2_5000,18,718
2_5000,68,60
2_5000,15,107
2_5000,19,64
2_5000,58,140
2_5000,67,307
2_5000,23,162
2_5000,52,321
2_5000,66,9
2_5001,30,36
2_5001,31,1
2_5001,35,760
2_5001,36,530
2_5001,37,18
2_5001,1,15
2_5001,27,372
2_5001,28,516
2_5001,38,376
2_5001,58,149
2_5001,43,1011
2_5001,9,1019
2_5001,67,307
2_5001,0,-37800
2_5001,17,620
2_5001,18,730
2_5001,32,269
2_5001,51,467
2_5001,61,30
2_5001,13,193
2_5001,14,914
2_5001,2,19
2_5001,21,6
2_5001,41,1102
2_5001,47,83
2_5001,5,109
2_5001,52,312
2_5001,53,516
2_5001,54,1498
2_5001,12,249
2_5001,39,388
2_5001,42,1661
2_5001,64,239
2_5001,66,33
2_5001,60,333
2_5001,24,1242
2_5001,48,460
2_5001,63,0
2_5001,33,434
2_5001,65,30
2_5001,49,1001
2_5001,57,46
2_5001,25,227
2_5001,56,712
2_5001,59,691
2_5001,34,189
2_5001,40,2610
2_5001,4,344
2_5001,10,173
2_5001,26,479
2_5001,3,289
2_5001,8,102
2_5001,16,587
2_5001,44,212
2_5001,55,311
2_5001,22,179
2_5001,46,429
2_5001,7,1153
2_5001,68,60
2_5001,20,3285
2_5001,29,689
2_5001,50,1826
2_5001,62,94
2_5001,19,146
2_5001,23,630
2_5001,45,1771
2_5001,11,905
2_5001,15,113
2_5001,6,1500
2_5002,47,83
2_5002,48,460
2_5002,63,0
2_5002,11,905
2_5002,30,36
2_5002,31,1
2_5002,42,1661
2_5002,6,1500
2_5002,7,1153
2_5002,68,60
2_5002,0,-37800
2_5002,4,344
2_5002,41,1102
2_5002,64,239
2_5002,17,620
2_5002,25,227
2_5002,5,109
2_5002,65,30
2_5002,66,33
2_5002,50,1826
2_5002,51,467
2_5002,10,173
2_5002,19,146
2_5002,32,269
2_5002,8,102
2_5002,67,307
2_5002,33,434
2_5002,37,18
2_5002,59,691
2_5002,9,1019
2_5002,1,15
2_5002,14,914
2_5002,54,1498
2_5002,39,388
2_5002,58,149
2_5002,24,1242
2_5002,43,1011
2_5002,13,193
2_5002,2,19
2_5002,22,179
2_5002,20,3285
2_5002,49,1001
2_5002,53,516
2_5002,18,730
2_5002,21,6
2_5002,46,429
2_5002,36,530
2_5002,52,312
2_5002,60,333
2_5002,15,113
2_5002,26,479
2_5002,29,689
2_5002,28,516
2_5002,34,189
2_5002,61,30
2_5002,12,249
2_5002,23,630
2_5002,27,372
2_5002,45,1771
2_5002,3,289
2_5002,38,376
2_5002,40,2610
2_5002,57,46
2_5002,62,94
2_5002,16,587
2_5002,55,311
2_5002,56,712
2_5002,35,760
2_5002,44,212
2_5003,35,760
2_5003,53,516
2_5003,67,307
2_5003,3,289
2_5003,39,388
2_5003,44,212
2_5003,57,46
2_5003,13,193
2_5003,30,36
2_5003,31,1
2_5003,38,376
2_5003,5,109
2_5003,52,312
2_5003,55,311
2_5003,62,94
2_5003,1,15
2_5003,18,730
2_5003,19,146
2_5003,50,1826
2_5003,59,691
2_5003,20,3285
2_5003,25,227
2_5003,41,1102
2_5003,49,1001
2_5003,16,587
2_5003,23,630
2_5003,48,460
2_5003,27,372
2_5003,46,429
2_5003,8,102
2_5003,9,1019
2_5003,66,33
2_5003,17,620
2_5003,43,1011
2_5003,6,1500
2_5003,22,179
2_5003,26,479
2_5003,56,712
2_5003,63,0
2_5003,32,269
2_5003,11,905
2_5003,12,249
2_5003,29,689
2_5003,64,239
2_5003,68,60
2_5003,60,333
2_5003,15,113
2_5003,21,6
2_5003,47,83
2_5003,51,467
2_5003,61,30
2_5003,0,-37800
2_5003,10,173
2_5003,34,189
2_5003,36,530
2_5003,14,914
2_5003,40,2610
2_5003,42,1661
2_5003,58,149
2_5003,65,30
2_5003,7,1153
2_5003,2,19
2_5003,24,1242
2_5003,28,516
2_5003,33,434
2_5003,37,18
2_5003,4,344
2_5003,45,1771
2_5003,54,1498
2_5004,12,249
2_5004,49,1001
2_5004,7,1153
2_5004,42,1661
2_5004,67,307
2_5004,61,30
2_5004,20,3285
2_5004,33,434
2_5004,53,516
2_5004,31,1
2_5004,37,18
2_5004,44,212
2_5004,0,-37800
2_5004,23,630
2_5004,3,289
2_5004,27,372
2_5004,35,760
2_5004,47,83
2_5004,16,587
2_5004,2,19
2_5004,24,1242
2_5004,48,460
2_5004,58,149
2_5004,66,33
2_5004,18,730
2_5004,26,479
2_5004,45,1771
2_5004,38,376
2_5004,57,46
2_5004,28,516
2_5004,62,94
2_5004,8,102
2_5004,4,344
2_5004,43,1011
2_5004,50,1826
2_5004,52,312
2_5004,9,1019
2_5004,19,146
2_5004,21,6
2_5004,46,429
2_5004,63,0
2_5004,10,173
2_5004,54,1498
2_5004,56,712
2_5004,65,30
2_5004,60,333
2_5004,29,689
2_5004,32,269
2_5004,36,530
2_5004,14,914
2_5004,15,113
2_5004,17,620
2_5004,6,1500
2_5004,64,239
2_5004,22,179
2_5004,55,311
2_5004,59,691
2_5004,41,1102
2_5004,5,109
2_5004,68,60
2_5004,11,905
2_5004,13,193
2_5004,40,2610
2_5004,34,189
2_5004,39,388
2_5004,51,467
2_5004,1,15
2_5004,25,227
2_5004,30,36
2_5005,12,1385
2_5005,14,530
2_5005,23,481
2_5005,27,6
2_5005,8,294
2_5005,28,41
2_5005,31,324
2_5005,41,372
2_5005,1,826
2_5005,13,1062
2_5005,19,336
2_5005,22,499
2_5005,24,372
2_5005,5,877
2_5005,43,251
2_5005,45,1132
2_5005,21,52
2_5005,25,17
2_5005,26,139
2_5005,33,1134
2_5005,37,450
2_5005,47,16
2_5005,52,706
2_5005,32,216
2_5005,34,983
2_5005,40,1021
2_5005,46,596
2_5005,48,808
2_5005,16,1855
2_5005,20,1043
2_5005,35,550
2_5005,42,140
2_5005,39,21
2_5005,49,1690
2_5005,7,440
2_5005,0,-27014
2_5005,15,495
2_5005,36,212
2_5005,4,1169
2_5005,6,223
2_5005,11,84
2_5005,2,597
2_5005,3,669
2_5005,30,86
2_5005,9,1298
2_5005,44,19
2_5005,51,305
2_5005,10,654
2_5005,17,42
2_5005,18,145
2_5005,29,53
2_5005,38,298
2_5006,13,193
2_5006,51,467
2_5006,61,30
2_5006,62,94
2_5006,14,914
2_5006,18,730
2_5006,34,189
2_5006,36,530
2_5006,52,312
2_5006,55,311
2_5006,26,479
2_5006,27,372
2_5006,39,388
2_5006,40,2610
2_5006,42,1661
2_5006,47,83
2_5006,8,102
2_5006,35,760
2_5006,49,1001
2_5006,64,239
2_5006,11,905
2_5006,45,1771
2_5006,56,712
2_5006,63,0
2_5006,68,60
2_5006,16,587
2_5006,50,1826
2_5006,7,1153
2_5006,10,173
2_5006,15,113
2_5006,17,620
2_5006,3,289
2_5006,44,212
2_5006,25,227
2_5006,41,1102
2_5006,31,1
2_5006,38,376
2_5006,4,344
2_5006,58,149
2_5006,6,1500
2_5006,60,333
2_5006,1,15
2_5006,30,36
2_5006,33,434
2_5006,53,516
2_5006,57,46
2_5006,0,-37800
2_5006,23,630
2_5006,24,1242
2_5006,9,1019
2_5006,2,19
2_5006,20,3285
2_5006,46,429
2_5006,54,1498
2_5006,67,307
2_5006,28,516
2_5006,59,691
2_5006,29,689
2_5006,65,30
2_5006,66,33
2_5006,19,146
2_5006,37,18
2_5006,5,109
2_5006,12,249
2_5006,21,6
2_5006,22,179
2_5006,32,269
2_5006,43,1011
2_5006,48,460
2_5007,33,1134
2_5007,7,440
2_5007,38,298
2_5007,41,372
2_5007,45,1132
2_5007,14,530
2_5007,3,669
2_5007,13,1062
2_5007,19,336
2_5007,2,597
2_5007,23,481
2_5007,9,1298
2_5007,1,826
2_5007,12,1384
2_5007,16,1855
2_5007,29,53
2_5007,31,664
2_5007,34,984
2_5007,37,450
2_5007,6,223
2_5007,0,-27014
2_5007,11,84
2_5007,44,19
2_5007,36,212
2_5007,5,877
2_5007,43,251
2_5007,40,681
2_5007,20,1043
2_5007,24,372
2_5007,4,1169
2_5007,8,294
2_5007,49,1690
2_5007,10,654
2_5007,28,41
2_5007,27,6
2_5007,30,86
2_5007,42,140
2_5007,39,21
2_5007,46,596
2_5007,51,305
2_5007,15,495
2_5007,22,499
2_5007,47,16
2_5007,52,706
2_5007,17,42
2_5007,35,550
2_5007,25,17
2_5007,26,139
2_5007,32,216
2_5007,48,808
2_5007,18,145
2_5007,21,52
2_5008,23,630
2_5008,46,429
2_5008,61,30
2_5008,62,94
2_5008,7,1153
2_5008,36,530
2_5008,39,388
2_5008,8,102
2_5008,25,227
2_5008,3,289
2_5008,33,434
2_5008,40,2610
2_5008,5,109
2_5008,37,18
2_5008,64,239
2_5008,10,173
2_5008,53,516
2_5008,56,712
2_5008,66,33
2_5008,0,-37800
2_5008,17,620
2_5008,4,344
2_5008,42,1661
2_5008,21,6
2_5008,38,376
2_5008,44,212
2_5008,59,691
2_5008,2,19
2_5008,26,479
2_5008,65,30
2_5008,22,179
2_5008,52,312
2_5008,6,1500
2_5008,9,1019
2_5008,60,333
2_5008,57,46
2_5008,28,516
2_5008,29,689
2_5008,30,36
2_5008,34,189
2_5008,48,460
2_5008,11,905
2_5008,31,1
2_5008,12,249
2_5008,58,149
2_5008,68,60
2_5008,13,193
2_5008,15,113
2_5008,16,587
2_5008,49,1001
2_5008,51,467
2_5008,47,83
2_5008,50,1826
2_5008,67,307
2_5008,1,15
2_5008,14,914
2_5008,18,730
2_5008,41,1102
2_5008,43,1011
2_5008,54,1498
2_5008,55,311
2_5008,63,0
2_5008,19,146
2_5008,20,3285
2_5008,24,1242
2_5008,27,372
2_5008,45,1771
2_5008,32,269
2_5008,35,760
2_5009,39,21
2_5009,13,1062
2_5009,22,499
2_5009,23,481
2_5009,33,1134
2_5009,34,983
2_5009,5,877
2_5009,41,372
2_5009,49,1690
2_5009,51,305
2_5009,16,1855
2_5009,3,669
2_5009,7,440
2_5009,40,681
2_5009,1,826
2_5009,10,654
2_5009,11,84
2_5009,14,530
2_5009,21,52
2_5009,26,139
2_5009,43,251
2_5009,47,16
2_5009,52,706
2_5009,20,1043
2_5009,30,86
2_5009,32,216
2_5009,36,212
2_5009,37,450
2_5009,8,294
2_5009,38,298
2_5009,25,17
2_5009,42,140
2_5009,48,808
2_5009,12,1385
2_5009,15,495
2_5009,19,336
2_5009,2,597
2_5009,4,1169
2_5009,6,223
2_5009,45,1132
2_5009,24,372
2_5009,31,664
2_5009,44,19
2_5009,9,1298
2_5009,0,-27014
2_5009,17,42
2_5009,18,145
2_5009,27,6
2_5009,28,41
2_5009,29,53
2_5009,35,550
2_5009,46,596
2_5010,37,450
2_5010,38,298
2_5010,42,140
2_5010,1,826
2_5010,10,654
2_5010,17,42
2_5010,23,481
2_5010,36,212
2_5010,3,669
2_5010,35,550
2_5010,5,877
2_5010,11,84
2_5010,15,495
2_5010,18,145
2_5010,27,6
2_5010,28,41
2_5010,45,1132
2_5010,47,16
2_5010,48,808
2_5010,43,251
2_5010,40,681
2_5010,49,1690
2_5010,12,1384
2_5010,13,1062
2_5010,30,86
2_5010,33,1134
2_5010,7,440
2_5010,9,1298
2_5010,44,19
2_5010,8,294
2_5010,41,372
2_5010,46,596
2_5010,16,1855
2_5010,20,1043
2_5010,24,372
2_5010,34,984
2_5010,4,1169
2_5010,0,-27014
2_5010,2,597
2_5010,26,139
2_5010,29,53
2_5010,52,706
2_5010,19,336
2_5010,21,52
2_5010,6,223
2_5010,39,21
2_5010,51,305
2_5010,14,530
2_5010,22,499
2_5010,25,17
2_5010,31,664
2_5010,32,216
2_5011,35,550
2_5011,8,294
2_5011,39,21
2_5011,47,16
2_5011,49,1690
2_5011,11,84
2_5011,20,1043
2_5011,19,336
2_5011,21,52
2_5011,3,669
2_5011,40,681
2_5011,45,1132
2_5011,51,305
2_5011,12,1384
2_5011,14,530
2_5011,27,6
2_5011,28,41
2_5011,29,53
2_5011,31,664
2_5011,33,1134
2_5011,13,1062
2_5011,17,42
2_5011,41,372
2_5011,43,251
2_5011,22,499
2_5011,5,877
2_5011,4,1169
2_5011,44,19
2_5011,48,808
2_5011,26,139
2_5011,32,216
2_5011,25,17
2_5011,36,212
2_5011,9,1298
2_5011,52,706
2_5011,1,826
2_5011,15,495
2_5011,23,481
2_5011,6,223
2_5011,16,1855
2_5011,18,145
2_5011,2,597
2_5011,24,372
2_5011,30,86
2_5011,34,984
2_5011,0,-27014
2_5011,10,654
2_5011,38,298
2_5011,42,140
2_5011,46,596
2_5011,37,450
2_5011,7,440
3_5000,4,344
3_5000,9,1019
3_5000,13,193
3_5000,19,146
3_5000,22,179
3_5000,17,620
3_5000,20,3285
3_5000,61,30
3_5000,49,1001
3_5000,7,1153
3_5000,10,173
3_5000,26,479
3_5000,31,1
3_5000,32,269
3_5000,53,516
3_5000,2,19
3_5000,24,1242
3_5000,29,689
3_5000,1,15
3_5000,41,1102
3_5000,64,239
3_5000,66,33
3_5000,67,307
3_5000,60,333
3_5000,34,189
3_5000,44,212
3_5000,48,460
3_5000,40,2610
3_5000,52,312
3_5000,0,-37800
3_5000,16,587
3_5000,39,388
3_5000,63,0
3_5000,65,30
3_5000,68,60
3_5000,33,434
3_5000,46,429
3_5000,6,1500
3_5000,8,102
3_5000,21,6
3_5000,50,1826
3_5000,54,1498
3_5000,43,1011
3_5000,5,109
3_5000,11,905
3_5000,35,760
3_5000,36,530
3_5000,12,249
3_5000,25,227
3_5000,56,712
3_5000,3,289
3_5000,30,36
3_5000,37,18
3_5000,45,1771
3_5000,51,467
3_5000,15,113
3_5000,18,730
3_5000,28,516
3_5000,55,311
3_5000,59,691
3_5000,14,914
3_5000,27,372
3_5000,58,149
3_5000,38,376
3_5000,42,1661
3_5000,57,46
3_5000,23,630
3_5000,47,83
3_5000,62,94
3_5001,28,349
3_5001,2,46
3_5001,55,424
3_5001,57,111
3_5001,29,485
3_5001,37,18
3_5001,52,623
3_5001,61,7
3_5001,62,35
3_5001,9,894
3_5001,11,586
3_5001,27,763
3_5001,51,294
3_5001,68,60
3_5001,4,343
3_5001,42,1187
3_5001,48,375
3_5001,63,0
3_5001,64,429
3_5001,65,30
3_5001,5,1624
3_5001,56,590
3_5001,58,142
3_5001,53,1095
3_5001,33,571
3_5001,26,556
3_5001,24,608
3_5001,8,367
3_5001,21,873
3_5001,49,678
3_5001,67,307
3_5001,10,117
3_5001,12,502
3_5001,14,1615
3_5001,34,222
3_5001,13,185
3_5001,1,80
3_5001,15,493
3_5001,3,312
3_5001,59,585
3_5001,60,520
3_5001,32,270
3_5001,35,693
3_5001,47,99
3_5001,54,927
3_5001,20,3040
3_5001,23,1459
3_5001,36,462
3_5001,31,175
3_5001,22,213
3_5001,50,1297
3_5001,40,2251
3_5001,46,548
3_5001,7,938
3_5001,17,402
3_5001,43,1167
3_5001,44,524
3_5001,0,-39532
3_5001,16,682
3_5001,6,1395
3_5001,41,806
3_5001,25,956
3_5001,18,664
3_5001,38,398
3_5001,45,542
3_5001,66,33
3_5001,19,0
3_5001,30,116
3_5001,39,374
3_5002,64,239
3_5002,15,113
3_5002,17,620
3_5002,38,376
3_5002,51,467
3_5002,54,1498
3_5002,55,311
3_5002,56,712
3_5002,1,15
3_5002,13,193
3_5002,67,307
3_5002,18,730
3_5002,2,19
3_5002,28,516
3_5002,35,760
3_5002,36,530
3_5002,20,3285
3_5002,21,6
3_5002,29,689
3_5002,3,289
3_5002,65,30
3_5002,19,146
3_5002,52,312
3_5002,66,33
3_5002,10,173
3_5002,63,0
3_5002,37,18
3_5002,49,1001
3_5002,62,94
3_5002,68,60
3_5002,24,1242
3_5002,25,227
3_5002,32,269
3_5002,33,434
3_5002,43,1011
3_5002,58,149
3_5002,7,1153
3_5002,22,179
3_5002,23,630
3_5002,60,333
3_5002,59,691
3_5002,61,30
3_5002,27,372
3_5002,42,1661
3_5002,46,429
3_5002,50,1826
3_5002,57,46
3_5002,8,102
3_5002,16,587
3_5002,31,1
3_5002,44,212
3_5002,9,1019
3_5002,11,905
3_5002,14,914
3_5002,45,1771
3_5002,0,-37800
3_5002,12,249
3_5002,34,189
3_5002,40,2610
3_5002,5,109
3_5002,53,516
3_5002,6,1500
3_5002,26,479
3_5002,30,36
3_5002,39,388
3_5002,4,344
3_5002,41,1102
3_5002,47,83
3_5002,48,460
3_5003,17,620
3_5003,63,0
3_5003,60,333
3_5003,20,3285
3_5003,3,289
3_5003,31,1
3_5003,41,1102
3_5003,53,516
3_5003,58,149
3_5003,62,94
3_5003,7,1153
3_5003,52,312
3_5003,1,15
3_5003,10,173
3_5003,15,113
3_5003,19,146
3_5003,44,212
3_5003,45,1771
3_5003,46,429
3_5003,54,1498
3_5003,8,102
3_5003,11,905
3_5003,22,179
3_5003,25,227
3_5003,56,712
3_5003,61,30
3_5003,38,376
3_5003,57,46
3_5003,49,1001
3_5003,14,914
3_5003,18,730
3_5003,23,630
3_5003,32,269
3_5003,36,530
3_5003,42,1661
3_5003,43,1011
3_5003,55,311
3_5003,40,2610
3_5003,48,460
3_5003,51,467
3_5003,9,1019
3_5003,0,-37800
3_5003,29,689
3_5003,33,434
3_5003,34,189
3_5003,4,344
3_5003,50,1826
3_5003,64,239
3_5003,67,307
3_5003,12,249
3_5003,35,760
3_5003,47,83
3_5003,66,33
3_5003,24,1242
3_5003,28,516
3_5003,68,60
3_5003,16,587
3_5003,21,6
3_5003,37,18
3_5003,39,388
3_5003,13,193
3_5003,2,19
3_5003,27,372
3_5003,26,479
3_5003,30,36
3_5003,6,1500
3_5003,65,30
3_5003,5,109
3_5003,59,691
3_5004,1,15
3_5004,20,3285
3_5004,43,1011
3_5004,58,149
3_5004,59,691
3_5004,66,33
3_5004,14,914
3_5004,50,1826
3_5004,34,189
3_5004,38,376
3_5004,15,113
3_5004,3,289
3_5004,55,311
3_5004,56,712
3_5004,65,30
3_5004,18,730
3_5004,22,179
3_5004,26,479
3_5004,37,18
3_5004,47,83
3_5004,61,30
3_5004,19,146
3_5004,52,312
3_5004,17,620
3_5004,21,6
3_5004,27,372
3_5004,32,269
3_5004,35,760
3_5004,39,388
3_5004,4,344
3_5004,48,460
3_5004,62,94
3_5004,9,1019
3_5004,68,60
3_5004,60,333
3_5004,0,-37800
3_5004,12,249
3_5004,28,516
3_5004,67,307
3_5004,30,36
3_5004,5,109
3_5004,57,46
3_5004,6,1500
3_5004,64,239
3_5004,13,193
3_5004,23,630
3_5004,29,689
3_5004,44,212
3_5004,11,905
3_5004,33,434
3_5004,42,1661
3_5004,45,1771
3_5004,46,429
3_5004,63,0
3_5004,10,173
3_5004,31,1
3_5004,41,1102
3_5004,25,227
3_5004,49,1001
3_5004,8,102
3_5004,16,587
3_5004,2,19
3_5004,40,2610
3_5004,24,1242
3_5004,36,530
3_5004,51,467
3_5004,53,516
3_5004,54,1498
3_5004,7,1153
3_5005,6,223
3_5005,9,1298
3_5005,42,140
3_5005,23,481
3_5005,26,139
3_5005,28,41
3_5005,34,983
3_5005,36,212
3_5005,43,251
3_5005,51,305
3_5005,5,877
3_5005,45,1132
3_5005,1,826
3_5005,12,1385
3_5005,21,52
3_5005,3,669
3_5005,37,450
3_5005,40,1021
3_5005,10,654
3_5005,20,1043
3_5005,33,1134
3_5005,35,550
3_5005,39,21
3_5005,38,298
3_5005,46,596
3_5005,15,495
3_5005,16,1855
3_5005,18,145
3_5005,29,53
3_5005,31,324
3_5005,25,17
3_5005,27,6
3_5005,32,216
3_5005,11,84
3_5005,14,530
3_5005,17,42
3_5005,19,336
3_5005,24,372
3_5005,7,440
3_5005,8,294
3_5005,52,706
3_5005,30,86
3_5005,4,1169
3_5005,22,499
3_5005,44,19
3_5005,47,16
3_5005,48,808
3_5005,49,1690
3_5005,0,-27014
3_5005,13,1062
3_5005,2,597
3_5005,41,372
3_5006,26,479
3_5006,33,434
3_5006,43,1011
3_5006,59,691
3_5006,61,30
3_5006,63,0
3_5006,15,113
3_5006,3,289
3_5006,31,1
3_5006,46,429
3_5006,12,249
3_5006,1,15
3_5006,21,6
3_5006,5,109
3_5006,55,311
3_5006,66,33
3_5006,0,-37800
3_5006,52,312
3_5006,57,46
3_5006,9,1019
3_5006,22,179
3_5006,35,760
3_5006,37,18
3_5006,4,344
3_5006,50,1826
3_5006,11,905
3_5006,34,189
3_5006,65,30
3_5006,25,227
3_5006,18,730
3_5006,28,516
3_5006,48,460
3_5006,10,173
3_5006,38,376
3_5006,45,1771
3_5006,6,1500
3_5006,64,239
3_5006,67,307
3_5006,17,620
3_5006,51,467
3_5006,62,94
3_5006,8,102
3_5006,32,269
3_5006,47,83
3_5006,68,60
3_5006,13,193
3_5006,2,19
3_5006,23,630
3_5006,27,372
3_5006,39,388
3_5006,44,212
3_5006,49,1001
3_5006,60,333
3_5006,14,914
3_5006,30,36
3_5006,7,1153
3_5006,19,146
3_5006,41,1102
3_5006,42,1661
3_5006,56,712
3_5006,58,149
3_5006,29,689
3_5006,20,3285
3_5006,36,530
3_5006,16,587
3_5006,40,2610
3_5006,53,516
3_5006,54,1498
3_5006,24,1242
3_5007,10,654
3_5007,11,84
3_5007,30,86
3_5007,33,1134
3_5007,4,1169
3_5007,41,372
3_5007,40,1021
3_5007,0,-27014
3_5007,51,305
3_5007,21,52
3_5007,24,372
3_5007,25,17
3_5007,27,6
3_5007,8,294
3_5007,46,596
3_5007,47,16
3_5007,1,826
3_5007,2,597
3_5007,20,1043
3_5007,35,550
3_5007,5,877
3_5007,6,223
3_5007,42,140
3_5007,44,19
3_5007,15,495
3_5007,45,1132
3_5007,49,1690
3_5007,52,706
3_5007,13,1062
3_5007,18,145
3_5007,22,499
3_5007,26,139
3_5007,29,53
3_5007,12,1385
3_5007,28,41
3_5007,32,216
3_5007,48,808
3_5007,16,1855
3_5007,19,336
3_5007,23,481
3_5007,34,983
3_5007,36,212
3_5007,7,440
3_5007,9,1298
3_5007,39,21
3_5007,17,42
3_5007,43,251
3_5007,3,669
3_5007,31,324
3_5007,37,450
3_5007,38,298
3_5007,14,530
3_5008,21,52
3_5008,8,294
3_5008,38,298
3_5008,40,1021
3_5008,46,596
3_5008,48,808
3_5008,0,-27014
3_5008,14,530
3_5008,27,6
3_5008,37,450
3_5008,51,305
3_5008,1,826
3_5008,11,84
3_5008,13,1062
3_5008,23,481
3_5008,43,251
3_5008,45,1132
3_5008,52,706
3_5008,10,654
3_5008,12,1385
3_5008,2,597
3_5008,20,1043
3_5008,30,86
3_5008,34,983
3_5008,35,550
3_5008,9,1298
3_5008,41,372
3_5008,19,336
3_5008,25,17
3_5008,26,139
3_5008,29,53
3_5008,31,324
3_5008,6,223
3_5008,49,1690
3_5008,28,41
3_5008,3,669
3_5008,36,212
3_5008,5,877
3_5008,39,21
3_5008,15,495
3_5008,18,145
3_5008,22,499
3_5008,33,1134
3_5008,4,1169
3_5008,7,440
3_5008,42,140
3_5008,47,16
3_5008,16,1855
3_5008,17,42
3_5008,24,372
3_5008,32,216
3_5008,44,19
3_5009,39,21
3_5009,45,1132
3_5009,21,52
3_5009,27,6
3_5009,9,1298
3_5009,16,1855
3_5009,22,499
3_5009,23,481
3_5009,31,664
3_5009,5,877
3_5009,1,826
3_5009,10,654
3_5009,14,530
3_5009,38,298
3_5009,46,596
3_5009,41,372
3_5009,43,251
3_5009,13,1062
3_5009,2,597
3_5009,37,450
3_5009,20,1043
3_5009,29,53
3_5009,32,216
3_5009,48,808
3_5009,11,84
3_5009,12,1385
3_5009,17,42
3_5009,40,681
3_5009,49,1690
3_5009,52,706
3_5009,15,495
3_5009,4,1169
3_5009,6,223
3_5009,36,212
3_5009,42,140
3_5009,44,19
3_5009,24,372
3_5009,26,139
3_5009,28,41
3_5009,3,669
3_5009,33,1134
3_5009,35,550
3_5009,7,440
3_5009,8,294
3_5009,18,145
3_5009,19,336
3_5009,25,17
3_5009,47,16
3_5009,51,305
3_5009,0,-27014
3_5009,30,86
3_5009,34,983
3_5010,32,216
3_5010,6,223
3_5010,17,42
3_5010,19,336
3_5010,21,52
3_5010,23,481
3_5010,25,17
3_5010,28,41
3_5010,7,440
3_5010,39,21
3_5010,40,1021
3_5010,46,596
3_5010,11,84
3_5010,31,324
3_5010,8,294
3_5010,47,16
3_5010,49,1690
3_5010,0,-27014
3_5010,30,86
3_5010,34,983
3_5010,36,212
3_5010,42,140
3_5010,44,19
3_5010,1,826
3_5010,12,1385
3_5010,14,530
3_5010,16,1855
3_5010,27,6
3_5010,33,1134
3_5010,15,495
3_5010,22,499
3_5010,26,139
3_5010,29,53
3_5010,3,669
3_5010,48,808
3_5010,38,298
3_5010,52,706
3_5010,13,1062
3_5010,18,145
3_5010,2,597
3_5010,37,450
3_5010,4,1169
3_5010,5,877
3_5010,20,1043
3_5010,24,372
3_5010,43,251
3_5010,45,1132
3_5010,10,654
3_5010,35,550
3_5010,9,1298
3_5010,41,372
3_5010,51,305
4_5000,1,826
4_5000,13,1062
4_5000,20,1043
4_5000,30,86
4_5000,31,324
4_5000,34,983
4_5000,42,140
4_5000,43,251
4_5000,11,84
4_5000,12,1385
4_5000,18,145
4_5000,26,139
4_5000,3,669
4_5000,35,550
4_5000,52,706
4_5000,48,808
4_5000,51,305
4_5000,14,530
4_5000,22,499
4_5000,24,372
4_5000,29,53
4_5000,4,1169
4_5000,38,298
4_5000,47,16
4_5000,49,1690
4_5000,10,654
4_5000,16,1855
4_5000,28,41
4_5000,32,216
4_5000,36,212
4_5000,41,372
4_5000,45,1132
4_5000,15,495
4_5000,27,6
4_5000,8,294
4_5000,44,19
4_5000,46,596
4_5000,5,877
4_5000,6,223
4_5000,0,-27014
4_5000,19,336
4_5000,2,597
4_5000,21,52
4_5000,23,481
4_5000,37,450
4_5000,7,440
4_5000,9,1298
4_5000,39,21
4_5000,17,42
4_5000,25,17
4_5000,33,1134
4_5000,40,1021
4_5001,3,289
4_5001,41,1102
4_5001,51,467
4_5001,52,312
4_5001,33,434
4_5001,5,109
4_5001,11,905
4_5001,14,914
4_5001,21,6
4_5001,44,212
4_5001,55,311
4_5001,18,730
4_5001,63,0
4_5001,10,173
4_5001,37,18
4_5001,0,-37800
4_5001,25,227
4_5001,39,388
4_5001,46,429
4_5001,54,1498
4_5001,57,46
4_5001,65,30
4_5001,8,102
4_5001,12,249
4_5001,17,620
4_5001,22,179
4_5001,24,1242
4_5001,42,1661
4_5001,47,83
4_5001,61,30
4_5001,9,1019
4_5001,13,193
4_5001,26,479
4_5001,36,530
4_5001,40,2610
4_5001,43,1011
4_5001,48,460
4_5001,59,691
4_5001,60,333
4_5001,67,307
4_5001,16,587
4_5001,20,3285
4_5001,28,516
4_5001,30,36
4_5001,4,344
4_5001,45,1771
4_5001,49,1001
4_5001,27,372
4_5001,31,1
4_5001,50,1826
4_5001,53,516
4_5001,6,1500
4_5001,64,239
4_5001,1,15
4_5001,19,146
4_5001,23,630
4_5001,29,689
4_5001,32,269
4_5001,7,1153
4_5001,15,113
4_5001,62,94
4_5001,66,33
4_5001,34,189
4_5001,35,760
4_5001,38,376
4_5001,58,149
4_5001,2,19
4_5001,56,712
4_5001,68,60
4_5002,47,16
4_5002,21,52
4_5002,33,1134
4_5002,45,1132
4_5002,2,597
4_5002,27,6
4_5002,36,212
4_5002,37,450
4_5002,5,877
4_5002,10,654
4_5002,12,1385
4_5002,17,42
4_5002,9,1298
4_5002,46,596
4_5002,52,706
4_5002,24,372
4_5002,29,53
4_5002,8,294
4_5002,42,140
4_5002,11,84
4_5002,16,1855
4_5002,22,499
4_5002,38,298
4_5002,48,808
4_5002,19,336
4_5002,31,324
4_5002,35,550
4_5002,34,983
4_5002,41,372
4_5002,43,251
4_5002,44,19
4_5002,0,-27014
4_5002,13,1062
4_5002,32,216
4_5002,4,1169
4_5002,40,1021
4_5002,49,1690
4_5002,14,530
4_5002,18,145
4_5002,28,41
4_5002,3,669
4_5002,30,86
4_5002,39,21
4_5002,51,305
4_5002,1,826
4_5002,23,481
4_5002,26,139
4_5002,6,223
4_5002,7,440
4_5002,15,495
4_5002,20,1043
4_5002,25,17
4_5003,7,164
4_5003,17,97
4_5003,12,1024
4_5003,24,359
4_5003,0,-19060
4_5003,31,60
4_5003,5,2220
4_5003,18,673
4_5003,35,321
4_5003,11,604
4_5003,4,457
4_5003,19,143
4_5003,25,130
4_5003,23,1059
4_5003,34,418
4_5003,13,48
4_5003,10,662
4_5003,21,155
4_5003,20,161
4_5003,8,225
4_5003,32,227
4_5003,6,839
4_5003,3,1003
4_5003,27,53
4_5003,30,326
4_5003,26,13
4_5003,22,51
4_5003,14,201
4_5003,1,2592
4_5003,9,1077
4_5003,37,229
4_5003,15,1571
4_5003,2,48
4_5003,16,441
4_5003,36,43
4_5003,33,124
4_5003,29,812
4_5003,28,430
4_5004,24,372
4_5004,6,223
4_5004,41,372
4_5004,45,1132
4_5004,49,1690
4_5004,38,298
4_5004,1,826
4_5004,13,1062
4_5004,14,530
4_5004,20,1043
4_5004,26,139
4_5004,3,669
4_5004,5,877
4_5004,43,251
4_5004,21,52
4_5004,30,86
4_5004,34,983
4_5004,36,212
4_5004,37,450
4_5004,42,140
4_5004,39,21
4_5004,4,1169
4_5004,11,84
4_5004,18,145
4_5004,19,336
4_5004,22,499
4_5004,27,6
4_5004,28,41
4_5004,29,53
4_5004,47,16
4_5004,10,654
4_5004,23,481
4_5004,31,324
4_5004,32,216
4_5004,7,440
4_5004,8,294
4_5004,40,1021
4_5004,48,808
4_5004,15,495
4_5004,16,1855
4_5004,25,17
4_5004,51,305
4_5004,0,-27014
4_5004,2,597
4_5004,33,1134
4_5004,52,706
4_5004,12,1385
4_5004,17,42
4_5004,35,550
4_5004,9,1298
4_5004,44,19
4_5004,46,596
4_5005,2,597
4_5005,21,52
4_5005,23,481
4_5005,39,21
4_5005,43,251
4_5005,46,596
4_5005,17,42
4_5005,22,499
4_5005,31,324
4_5005,5,877
4_5005,8,303
4_5005,20,1043
4_5005,36,212
4_5005,47,16
4_5005,48,808
4_5005,14,530
4_5005,24,372
4_5005,26,139
4_5005,27,6
4_5005,3,669
4_5005,34,983
4_5005,4,1169
4_5005,41,372
4_5005,10,654
4_5005,52,706
4_5005,40,1021
4_5005,30,77
4_5005,35,550
4_5005,6,223
4_5005,44,19
4_5005,51,305
4_5005,12,1385
4_5005,13,1062
4_5005,18,145
4_5005,29,53
4_5005,32,216
4_5005,33,1134
4_5005,38,298
4_5005,1,826
4_5005,16,1855
4_5005,19,336
4_5005,28,41
4_5005,42,140
4_5005,49,1690
4_5005,0,-27014
4_5005,15,495
4_5005,25,17
4_5005,37,450
4_5005,7,440
4_5005,9,1298
4_5005,45,1132
4_5005,11,84
4_5006,52,312
4_5006,55,311
4_5006,21,6
4_5006,28,516
4_5006,31,1
4_5006,47,83
4_5006,5,109
4_5006,63,0
4_5006,68,60
4_5006,14,914
4_5006,41,1102
4_5006,57,46
4_5006,59,691
4_5006,6,1500
4_5006,18,730
4_5006,43,1011
4_5006,45,1771
4_5006,48,460
4_5006,65,30
4_5006,8,102
4_5006,0,-37800
4_5006,29,689
4_5006,33,434
4_5006,49,1001
4_5006,13,193
4_5006,50,1826
4_5006,7,1153
4_5006,40,2610
4_5006,15,113
4_5006,66,33
4_5006,1,15
4_5006,12,249
4_5006,11,905
4_5006,19,146
4_5006,34,189
4_5006,4,344
4_5006,56,712
4_5006,10,173
4_5006,24,1242
4_5006,27,372
4_5006,38,376
4_5006,42,1661
4_5006,22,179
4_5006,35,760
4_5006,36,530
4_5006,44,212
4_5006,46,429
4_5006,61,30
4_5006,67,307
4_5006,20,3285
4_5006,23,630
4_5006,37,18
4_5006,58,149
4_5006,16,587
4_5006,53,516
4_5006,62,94
4_5006,26,479
4_5006,3,289
4_5006,32,269
4_5006,54,1498
4_5006,25,227
4_5006,51,467
4_5006,64,239
4_5006,9,1019
4_5006,30,36
4_5006,2,19
4_5006,39,388
4_5006,60,333
4_5006,17,620
4_5007,9,1298
4_5007,46,596
4_5007,47,16
4_5007,10,654
4_5007,17,42
4_5007,34,983
4_5007,35,550
4_5007,36,212
4_5007,49,1690
4_5007,15,495
4_5007,37,450
4_5007,39,21
4_5007,48,808
4_5007,51,305
4_5007,16,1855
4_5007,25,17
4_5007,27,6
4_5007,8,294
4_5007,42,140
4_5007,28,41
4_5007,31,324
4_5007,33,1134
4_5007,0,-27014
4_5007,1,826
4_5007,14,530
4_5007,19,336
4_5007,21,52
4_5007,4,1169
4_5007,38,298
4_5007,52,706
4_5007,44,19
4_5007,18,145
4_5007,29,53
4_5007,3,669
4_5007,32,216
4_5007,5,877
4_5007,45,1132
4_5007,13,1062
4_5007,30,86
4_5007,6,223
4_5007,7,440
4_5007,40,1021
4_5007,24,372
4_5007,26,139
4_5007,11,84
4_5007,12,1385
4_5007,2,597
4_5007,20,1043
4_5007,22,499
4_5007,23,481
4_5007,41,372
4_5007,43,251
4_5008,2,597
4_5008,29,53
4_5008,35,550
4_5008,49,1690
4_5008,10,654
4_5008,11,84
4_5008,17,42
4_5008,19,336
4_5008,7,440
4_5008,42,140
4_5008,41,372
4_5008,43,251
4_5008,24,372
4_5008,3,669
4_5008,31,324
4_5008,37,450
4_5008,5,877
4_5008,6,223
4_5008,8,294
4_5008,39,21
4_5008,1,826
4_5008,20,1043
4_5008,25,17
4_5008,34,983
4_5008,40,1021
4_5008,46,596
4_5008,44,19
4_5008,51,305
4_5008,12,1385
4_5008,14,530
4_5008,18,145
4_5008,22,499
4_5008,28,41
4_5008,9,1298
4_5008,38,298
4_5008,47,16
4_5008,52,706
4_5008,15,495
4_5008,16,1855
4_5008,36,212
4_5008,4,1169
4_5008,26,139
4_5008,27,6
4_5008,30,86
4_5008,32,216
4_5008,33,1134
4_5008,45,1132
4_5008,48,808
4_5008,0,-27014
4_5008,13,1062
4_5008,21,52
4_5008,23,481
4_5009,66,33
4_5009,0,-37800
4_5009,12,249
4_5009,41,1102
4_5009,6,1500
4_5009,65,30
4_5009,28,516
4_5009,56,712
4_5009,64,239
4_5009,5,109
4_5009,63,0
4_5009,13,193
4_5009,37,18
4_5009,52,312
4_5009,68,60
4_5009,2,19
4_5009,31,1
4_5009,44,212
4_5009,49,1001
4_5009,51,467
4_5009,16,587
4_5009,21,6
4_5009,25,227
4_5009,60,333
4_5009,24,1242
4_5009,50,1826
4_5009,53,516
4_5009,59,691
4_5009,8,102
4_5009,14,914
4_5009,27,372
4_5009,42,1661
4_5009,48,460
4_5009,61,30
4_5009,20,3285
4_5009,43,1011
4_5009,46,429
4_5009,57,46
4_5009,9,1019
4_5009,19,146
4_5009,26,479
4_5009,3,289
4_5009,32,269
4_5009,36,530
4_5009,62,94
4_5009,29,689
4_5009,33,434
4_5009,38,376
4_5009,45,1771
4_5009,47,83
4_5009,1,15
4_5009,15,113
4_5009,17,620
4_5009,30,36
4_5009,55,311
4_5009,4,344
4_5009,54,1498
4_5009,7,1153
4_5009,10,173
4_5009,11,905
4_5009,18,730
4_5009,34,189
4_5009,39,388
4_5009,67,307
4_5009,22,179
4_5009,23,630
4_5009,35,760
4_5009,40,2610
4_5009,58,149
4_5010,25,17
4_5010,46,596
4_5010,49,1690
4_5010,39,21
4_5010,43,251
4_5010,1,826
4_5010,19,336
4_5010,2,597
4_5010,32,216
4_5010,34,983
4_5010,35,550
4_5010,44,19
4_5010,15,495
4_5010,22,499
4_5010,33,1134
4_5010,37,450
4_5010,41,372
4_5010,8,294
4_5010,42,140
4_5010,0,-27014
4_5010,14,530
4_5010,23,481
4_5010,3,669
4_5010,36,212
4_5010,4,1169
4_5010,48,808
4_5010,51,305
4_5010,10,654
4_5010,20,1043
4_5010,24,372
4_5010,26,139
4_5010,5,877
4_5010,16,1855
4_5010,17,42
4_5010,6,223
4_5010,7,440
4_5010,38,298
4_5010,40,1021
4_5010,9,1298
4_5010,45,1132
4_5010,12,1385
4_5010,18,145
4_5010,21,52
4_5010,29,53
4_5010,30,86
4_5010,31,324
4_5010,52,706
4_5010,11,84
4_5010,13,1062
4_5010,27,6
4_5010,28,41
4_5010,47,16
5_5000,43,1011
5_5000,64,239
5_5000,8,102
5_5000,9,1019
5_5000,28,516
5_5000,41,1102
5_5000,16,587
5_5000,47,83
5_5000,49,1001
5_5000,55,311
5_5000,56,712
5_5000,57,46
5_5000,11,905
5_5000,12,249
5_5000,58,149
5_5000,59,691
5_5000,5,109
5_5000,67,307
5_5000,10,173
5_5000,34,189
5_5000,1,15
5_5000,66,33
5_5000,51,467
5_5000,52,312
5_5000,53,516
5_5000,40,2610
5_5000,45,1771
5_5000,36,530
5_5000,44,212
5_5000,48,460
5_5000,6,1500
5_5000,20,3285
5_5000,23,630
5_5000,27,372
5_5000,32,269
5_5000,50,1826
5_5000,13,193
5_5000,25,227
5_5000,42,1661
5_5000,68,60
5_5000,0,-37800
5_5000,24,1242
5_5000,60,333
5_5000,29,689
5_5000,37,18
5_5000,62,94
5_5000,63,0
5_5000,31,1
5_5000,39,388
5_5000,2,19
5_5000,4,344
5_5000,54,1498
5_5000,61,30
5_5000,15,113
5_5000,19,146
5_5000,22,179
5_5000,30,36
5_5000,3,289
5_5000,38,376
5_5000,65,30
5_5000,7,1153
5_5000,14,914
5_5000,26,479
5_5000,21,6
5_5000,33,434
5_5000,35,760
5_5000,46,429
5_5000,17,620
5_5000,18,730
5_5001,19,336
5_5001,32,216
5_5001,34,983
5_5001,6,223
5_5001,9,1298
5_5001,48,808
5_5001,10,654
5_5001,13,1062
5_5001,8,294
5_5001,44,19
5_5001,26,139
5_5001,37,450
5_5001,23,481
5_5001,39,21
5_5001,43,251
5_5001,45,1132
5_5001,0,-27014
5_5001,1,826
5_5001,27,6
5_5001,29,53
5_5001,35,550
5_5001,47,16
5_5001,49,1690
5_5001,17,42
5_5001,21,52
5_5001,25,17
5_5001,3,669
5_5001,30,86
5_5001,7,440
5_5001,38,298
5_5001,41,372
5_5001,11,84
5_5001,16,1855
5_5001,40,1021
5_5001,22,499
5_5001,4,1169
5_5001,51,305
5_5001,2,597
5_5001,20,1043
5_5001,24,372
5_5001,33,1134
5_5001,42,140
5_5001,52,706
5_5001,12,1385
5_5001,15,495
5_5001,28,41
5_5001,31,324
5_5001,36,212
5_5001,5,877
5_5001,46,596
5_5001,14,530
5_5001,18,145
5_5002,32,269
5_5002,40,2610
5_5002,41,1102
5_5002,46,429
5_5002,66,33
5_5002,21,6
5_5002,17,620
5_5002,9,1019
5_5002,16,587
5_5002,5,109
5_5002,52,312
5_5002,57,46
5_5002,45,1771
5_5002,4,344
5_5002,43,1011
5_5002,47,83
5_5002,53,516
5_5002,54,1498
5_5002,7,1153
5_5002,28,516
5_5002,30,36
5_5002,31,1
5_5002,42,1661
5_5002,56,712
5_5002,6,1500
5_5002,64,239
5_5002,68,60
5_5002,27,372
5_5002,18,730
5_5002,2,19
5_5002,20,3285
5_5002,25,227
5_5002,34,189
5_5002,61,30
5_5002,65,30
5_5002,11,905
5_5002,38,376
5_5002,39,388
5_5002,48,460
5_5002,36,530
5_5002,63,0
5_5002,37,18
5_5002,22,179
5_5002,59,691
5_5002,1,15
5_5002,15,113
5_5002,33,434
5_5002,50,1826
5_5002,8,102
5_5002,67,307
5_5002,0,-37800
5_5002,44,212
5_5002,58,149
5_5002,35,760
5_5002,23,630
5_5002,55,311
5_5002,60,333
5_5002,19,146
5_5002,26,479
5_5002,49,1001
5_5002,51,467
5_5002,13,193
5_5002,3,289
5_5002,62,94
5_5002,12,249
5_5002,14,914
5_5002,24,1242
5_5002,29,689
5_5002,10,173
5_5003,5,109
5_5003,51,467
5_5003,66,33
5_5003,16,587
5_5003,17,620
5_5003,22,179
5_5003,55,311
5_5003,60,333
5_5003,0,-37800
5_5003,12,249
5_5003,21,6
5_5003,39,388
5_5003,41,1102
5_5003,65,30
5_5003,1,15
5_5003,26,479
5_5003,54,1498
5_5003,49,1001
5_5003,64,239
5_5003,6,1500
5_5003,62,94
5_5003,20,3285
5_5003,24,1242
5_5003,29,689
5_5003,36,530
5_5003,50,1826
5_5003,58,149
5_5003,7,1153
5_5003,19,146
5_5003,23,630
5_5003,27,372
5_5003,48,460
5_5003,52,312
5_5003,57,46
5_5003,14,914
5_5003,32,269
5_5003,37,18
5_5003,18,730
5_5003,31,1
5_5003,42,1661
5_5003,53,516
5_5003,8,102
5_5003,61,30
5_5003,25,227
5_5003,30,36
5_5003,43,1011
5_5003,44,212
5_5003,56,712
5_5003,59,691
5_5003,13,193
5_5003,35,760
5_5003,38,376
5_5003,4,344
5_5003,2,19
5_5003,45,1771
5_5003,47,83
5_5003,40,2610
5_5003,3,289
5_5003,33,434
5_5003,34,189
5_5003,9,1019
5_5003,67,307
5_5003,10,173
5_5003,11,905
5_5003,28,516
5_5003,63,0
5_5003,68,60
5_5003,15,113
5_5003,46,429
5_5004,27,372
5_5004,29,689
5_5004,34,189
5_5004,39,388
5_5004,4,344
5_5004,51,467
5_5004,0,-37800
5_5004,17,620
5_5004,53,516
5_5004,1,15
5_5004,36,530
5_5004,38,376
5_5004,25,227
5_5004,26,479
5_5004,30,36
5_5004,6,1500
5_5004,21,6
5_5004,28,516
5_5004,49,1001
5_5004,9,1019
5_5004,11,905
5_5004,33,434
5_5004,35,760
5_5004,66,33
5_5004,60,333
5_5004,10,173
5_5004,15,113
5_5004,20,3285
5_5004,61,30
5_5004,16,587
5_5004,23,630
5_5004,37,18
5_5004,46,429
5_5004,48,460
5_5004,54,1498
5_5004,55,311
5_5004,8,102
5_5004,3,289
5_5004,42,1661
5_5004,57,46
5_5004,58,149
5_5004,2,19
5_5004,31,1
5_5004,5,109
5_5004,64,239
5_5004,65,30
5_5004,18,730
5_5004,62,94
5_5004,14,914
5_5004,19,146
5_5004,56,712
5_5004,67,307
5_5004,12,249
5_5004,13,193
5_5004,47,83
5_5004,63,0
5_5004,68,60
5_5004,22,179
5_5004,24,1242
5_5004,32,269
5_5004,50,1826
5_5004,52,312
5_5004,43,1011
5_5004,40,2610
5_5004,41,1102
5_5004,44,212
5_5004,45,1771
5_5004,59,691
5_5004,7,1153
5_5005,28,516
5_5005,54,1498
5_5005,9,1019
5_5005,60,333
5_5005,14,914
5_5005,24,1242
5_5005,30,36
5_5005,36,530
5_5005,40,2610
5_5005,49,1001
5_5005,17,620
5_5005,18,730
5_5005,41,1102
5_5005,45,1771
5_5005,62,94
5_5005,16,587
5_5005,29,689
5_5005,43,1011
5_5005,44,212
5_5005,53,516
5_5005,22,179
5_5005,26,479
5_5005,48,460
5_5005,5,109
5_5005,57,46
5_5005,20,3285
5_5005,33,434
5_5005,35,760
5_5005,7,1153
5_5005,61,30
5_5005,27,372
5_5005,50,1826
5_5005,12,249
5_5005,19,146
5_5005,23,630
5_5005,0,-37800
5_5005,1,15
5_5005,46,429
5_5005,2,19
5_5005,34,189
5_5005,56,712
5_5005,52,312
5_5005,63,0
5_5005,8,102
5_5005,68,60
5_5005,21,6
5_5005,37,18
5_5005,31,1
5_5005,32,269
5_5005,42,1661
5_5005,67,307
5_5005,10,173
5_5005,25,227
5_5005,39,388
5_5005,47,83
5_5005,51,467
5_5005,58,149
5_5005,66,33
5_5005,13,193
5_5005,15,113
5_5005,4,344
5_5005,55,311
5_5005,59,691
5_5005,64,239
5_5005,65,30
5_5005,3,289
5_5005,38,376
5_5005,11,905
5_5005,6,1500
5_5006,20,1043
5_5006,30,86
5_5006,35,550
5_5006,41,372
5_5006,39,21
5_5006,0,-27014
5_5006,2,597
5_5006,24,372
5_5006,28,41
5_5006,9,1298
5_5006,43,251
5_5006,44,19
5_5006,16,1855
5_5006,17,42
5_5006,22,499
5_5006,26,139
5_5006,31,324
5_5006,32,216
5_5006,33,1134
5_5006,34,983
5_5006,12,1385
5_5006,48,808
5_5006,45,1132
5_5006,4,1169
5_5006,8,294
5_5006,38,298
5_5006,49,1690
5_5006,51,305
5_5006,19,336
5_5006,14,530
5_5006,15,495
5_5006,27,6
5_5006,5,877
5_5006,40,1021
5_5006,46,596
5_5006,10,654
5_5006,11,84
5_5006,18,145
5_5006,21,52
5_5006,36,212
5_5006,1,826
5_5006,3,669
5_5006,37,450
5_5006,6,223
5_5006,7,440
5_5006,47,16
5_5006,52,706
5_5006,29,53
5_5006,23,481
5_5006,25,17
5_5006,42,140
5_5006,13,1062
5_5007,23,630
5_5007,24,1242
5_5007,26,479
5_5007,29,689
5_5007,4,344
5_5007,13,193
5_5007,30,36
5_5007,58,149
5_5007,47,83
5_5007,49,1001
5_5007,5,109
5_5007,59,691
5_5007,14,914
5_5007,48,460
5_5007,51,467
5_5007,62,94
5_5007,20,3285
5_5007,28,516
5_5007,34,189
5_5007,39,388
5_5007,57,46
5_5007,10,173
5_5007,17,620
5_5007,21,6
5_5007,63,0
5_5007,60,333
5_5007,1,15
5_5007,3,289
5_5007,53,516
5_5007,67,307
5_5007,27,372
5_5007,33,434
5_5007,46,429
5_5007,6,1500
5_5007,66,33
5_5007,11,905
5_5007,32,269
5_5007,41,1102
5_5007,43,1011
5_5007,52,312
5_5007,12,249
5_5007,22,179
5_5007,37,18
5_5007,44,212
5_5007,45,1771
5_5007,50,1826
5_5007,15,113
5_5007,25,227
5_5007,55,311
5_5007,7,1153
5_5007,9,1019
5_5007,42,1661
5_5007,64,239
5_5007,54,1498
5_5007,8,102
5_5007,0,-37800
5_5007,18,730
5_5007,2,19
5_5007,31,1
5_5007,35,760
5_5007,40,2610
5_5007,65,30
5_5007,16,587
5_5007,38,376
5_5007,61,30
5_5007,68,60
5_5007,19,146
5_5007,36,530
5_5007,56,712
5_5008,57,46
5_5008,58,149
5_5008,64,239
5_5008,10,173
5_5008,22,179
5_5008,27,372
5_5008,43,1011
5_5008,45,1771
5_5008,2,19
5_5008,34,189
5_5008,42,1661
5_5008,9,1019
5_5008,26,479
5_5008,39,388
5_5008,6,1500
5_5008,40,2610
5_5008,50,1826
5_5008,19,146
5_5008,21,6
5_5008,25,227
5_5008,52,312
5_5008,3,289
5_5008,33,434
5_5008,35,760
5_5008,62,94
5_5008,67,307
5_5008,37,18
5_5008,41,1102
5_5008,56,712
5_5008,47,83
5_5008,14,914
5_5008,29,689
5_5008,36,530
5_5008,7,1153
5_5008,13,193
5_5008,5,109
5_5008,51,467
5_5008,44,212
5_5008,46,429
5_5008,61,30
5_5008,11,905
5_5008,17,620
5_5008,55,311
5_5008,68,60
5_5008,24,1242
5_5008,4,344
5_5008,54,1498
5_5008,38,376
5_5008,49,1001
5_5008,8,102
5_5008,12,249
5_5008,20,3285
5_5008,32,269
5_5008,63,0
5_5008,16,587
5_5008,48,460
5_5008,59,691
5_5008,60,333
5_5008,1,15
5_5008,18,730
5_5008,30,36
5_5008,53,516
5_5008,65,30
5_5008,66,33
5_5008,28,516
5_5008,31,1
5_5008,0,-37800
5_5008,15,113
5_5008,23,630
5_5009,17,42
5_5009,32,216
5_5009,34,984
5_5009,9,1298
5_5009,41,372
5_5009,31,324
5_5009,43,251
5_5009,40,1021
5_5009,45,1132
5_5009,48,808
5_5009,49,1690
5_5009,47,16
5_5009,51,305
5_5009,19,336
5_5009,24,372
5_5009,29,53
5_5009,35,550
5_5009,36,212
5_5009,8,294
5_5009,1,826
5_5009,20,1043
5_5009,4,1169
5_5009,46,596
5_5009,26,139
5_5009,27,6
5_5009,0,-27014
5_5009,10,654
5_5009,13,1062
5_5009,14,530
5_5009,16,1855
5_5009,23,481
5_5009,28,41
5_5009,3,669
5_5009,30,86
5_5009,15,495
5_5009,2,597
5_5009,22,499
5_5009,33,1134
5_5009,44,19
5_5009,52,706
5_5009,7,440
5_5009,42,140
5_5009,12,1384
5_5009,18,145
5_5009,21,52
5_5009,25,17
5_5009,37,450
5_5009,5,877
5_5009,11,84
5_5009,6,223
5_5009,38,298
5_5009,39,21
5_5010,11,905
5_5010,34,189
5_5010,53,516
5_5010,62,94
5_5010,63,0
5_5010,68,60
5_5010,26,479
5_5010,31,1
5_5010,40,2610
5_5010,44,212
5_5010,66,33
5_5010,17,620
5_5010,9,1019
5_5010,65,30
5_5010,15,113
5_5010,25,227
5_5010,27,372
5_5010,33,434
5_5010,45,1771
5_5010,64,239
5_5010,14,914
5_5010,3,289
5_5010,36,530
5_5010,55,311
5_5010,10,173
5_5010,13,193
5_5010,16,587
5_5010,23,630
5_5010,39,388
5_5010,42,1661
5_5010,67,307
5_5010,52,312
5_5010,56,712
5_5010,57,46
5_5010,6,1500
5_5010,61,30
5_5010,8,102
5_5010,12,249
5_5010,28,516
5_5010,30,36
5_5010,0,-37800
5_5010,19,146
5_5010,2,19
5_5010,41,1102
5_5010,47,83
5_5010,48,460
5_5010,58,149
5_5010,24,1242
5_5010,35,760
5_5010,37,18
5_5010,4,344
5_5010,46,429
5_5010,1,15
5_5010,22,179
5_5010,32,269
5_5010,50,1826
5_5010,54,1498
5_5010,59,691
5_5010,7,1153
5_5010,18,730
5_5010,20,3285
5_5010,21,6
5_5010,49,1001
5_5010,5,109
5_5010,51,467
5_5010,60,333
5_5010,29,689
5_5010,38,376
5_5010,43,1011
6_5000,27,6
6_5000,37,450
6_5000,8,294
6_5000,40,1021
6_5000,19,336
6_5000,22,499
6_5000,33,1134
6_5000,34,983
6_5000,36,212
6_5000,44,19
6_5000,46,596
6_5000,20,1043
6_5000,21,52
6_5000,31,324
6_5000,4,1169
6_5000,47,16
6_5000,14,530
6_5000,24,372
6_5000,12,1385
6_5000,18,145
6_5000,23,481
6_5000,39,21
6_5000,0,-27014
6_5000,1,826
6_5000,16,1855
6_5000,3,669
6_5000,32,216
6_5000,38,298
6_5000,43,251
6_5000,51,305
6_5000,10,654
6_5000,15,495
6_5000,49,1690
6_5000,52,706
6_5000,25,17
6_5000,45,1132
6_5000,30,86
6_5000,6,223
6_5000,42,140
6_5000,41,372
6_5000,2,597
6_5000,28,41
6_5000,17,42
6_5000,26,139
6_5000,29,53
6_5000,35,550
6_5000,5,877
6_5000,7,440
6_5000,11,84
6_5000,13,1062
6_5000,9,1298
6_5000,48,808
6_5001,40,2610
6_5001,43,1011
6_5001,58,149
6_5001,9,1019
6_5001,64,239
6_5001,67,307
6_5001,2,19
6_5001,4,344
6_5001,42,1661
6_5001,45,1771
6_5001,0,-37800
6_5001,23,630
6_5001,35,760
6_5001,6,1500
6_5001,13,193
6_5001,14,914
6_5001,33,434
6_5001,38,376
6_5001,57,46
6_5001,65,30
6_5001,16,587
6_5001,31,1
6_5001,51,467
6_5001,59,691
6_5001,3,289
6_5001,48,460
6_5001,49,1001
6_5001,56,712
6_5001,12,249
6_5001,18,730
6_5001,22,179
6_5001,28,516
6_5001,30,36
6_5001,41,1102
6_5001,8,102
6_5001,21,6
6_5001,39,388
6_5001,50,1826
6_5001,10,173
6_5001,20,3285
6_5001,46,429
6_5001,52,312
6_5001,17,620
6_5001,55,311
6_5001,5,109
6_5001,66,33
6_5001,60,333
6_5001,11,905
6_5001,25,227
6_5001,27,372
6_5001,44,212
6_5001,53,516
6_5001,61,30
6_5001,62,94
6_5001,24,1242
6_5001,29,689
6_5001,34,189
6_5001,36,530
6_5001,15,113
6_5001,32,269
6_5001,37,18
6_5001,7,1153
6_5001,47,83
6_5001,54,1498
6_5001,68,60
6_5001,1,15
6_5001,19,146
6_5001,26,479
6_5001,63,0
6_5002,18,145
6_5002,6,223
6_5002,38,298
6_5002,48,808
6_5002,51,305
6_5002,52,706
6_5002,1,826
6_5002,32,216
6_5002,4,1169
6_5002,42,140
6_5002,47,16
6_5002,49,1690
6_5002,31,324
6_5002,22,499
6_5002,29,53
6_5002,7,440
6_5002,8,294
6_5002,12,1385
6_5002,24,372
6_5002,33,1134
6_5002,43,251
6_5002,44,19
6_5002,0,-27014
6_5002,11,84
6_5002,2,597
6_5002,34,983
6_5002,5,877
6_5002,40,1021
6_5002,10,654
6_5002,17,42
6_5002,19,336
6_5002,20,1043
6_5002,21,52
6_5002,27,6
6_5002,3,669
6_5002,36,212
6_5002,15,495
6_5002,39,21
6_5002,41,372
6_5002,16,1855
6_5002,23,481
6_5002,26,139
6_5002,28,41
6_5002,37,450
6_5002,45,1132
6_5002,46,596
6_5002,13,1062
6_5002,25,17
6_5002,30,86
6_5002,35,550
6_5002,9,1298
6_5002,14,530
6_5003,33,1134
6_5003,5,877
6_5003,46,596
6_5003,17,42
6_5003,19,336
6_5003,25,17
6_5003,27,6
6_5003,20,1043
6_5003,49,1690
6_5003,41,372
6_5003,44,19
6_5003,26,139
6_5003,29,53
6_5003,4,1169
6_5003,6,223
6_5003,37,450
6_5003,40,1021
6_5003,0,-27014
6_5003,11,84
6_5003,12,1385
6_5003,21,52
6_5003,9,1298
6_5003,42,140
6_5003,43,251
6_5003,52,706
6_5003,13,1062
6_5003,16,1855
6_5003,22,499
6_5003,24,372
6_5003,36,212
6_5003,8,294
6_5003,38,298
6_5003,39,21
6_5003,10,654
6_5003,15,495
6_5003,31,324
6_5003,34,983
6_5003,47,16
6_5003,48,808
6_5003,51,305
6_5003,14,530
6_5003,18,145
6_5003,2,597
6_5003,7,440
6_5003,30,86
6_5003,32,216
6_5003,35,550
6_5003,45,1132
6_5003,1,826
6_5003,23,481
6_5003,28,41
6_5003,3,669
6_5004,46,596
6_5004,2,597
6_5004,29,53
6_5004,3,669
6_5004,35,550
6_5004,6,223
6_5004,39,21
6_5004,40,1021
6_5004,47,16
6_5004,49,1690
6_5004,0,-27014
6_5004,14,530
6_5004,16,1855
6_5004,22,499
6_5004,31,324
6_5004,44,19
6_5004,26,139
6_5004,34,983
6_5004,25,17
6_5004,1,826
6_5004,10,654
6_5004,12,1385
6_5004,17,42
6_5004,19,336
6_5004,21,52
6_5004,23,481
6_5004,37,450
6_5004,7,440
6_5004,43,251
6_5004,52,706
6_5004,32,216
6_5004,4,1169
6_5004,9,1298
6_5004,42,140
6_5004,45,1132
6_5004,48,808
6_5004,24,372
6_5004,27,6
6_5004,36,212
6_5004,5,877
6_5004,51,305
6_5004,38,298
6_5004,11,84
6_5004,13,1062
6_5004,15,495
6_5004,20,1043
6_5004,28,41
6_5004,30,86
6_5004,33,1134
6_5004,41,372
6_5004,18,145
6_5004,8,294
6_5005,29,689
6_5005,30,36
6_5005,49,1001
6_5005,55,311
6_5005,16,587
6_5005,22,179
6_5005,26,479
6_5005,28,516
6_5005,41,1102
6_5005,1,15
6_5005,13,193
6_5005,14,914
6_5005,37,18
6_5005,5,109
6_5005,60,333
6_5005,51,467
6_5005,52,312
6_5005,61,30
6_5005,11,905
6_5005,15,113
6_5005,66,33
6_5005,3,289
6_5005,39,388
6_5005,44,212
6_5005,53,516
6_5005,59,691
6_5005,34,189
6_5005,58,149
6_5005,8,102
6_5005,32,269
6_5005,47,83
6_5005,67,307
6_5005,4,344
6_5005,40,2610
6_5005,50,1826
6_5005,23,630
6_5005,24,1242
6_5005,31,1
6_5005,36,530
6_5005,38,376
6_5005,18,730
6_5005,19,146
6_5005,42,1661
6_5005,45,1771
6_5005,68,60
6_5005,56,712
6_5005,57,46
6_5005,2,19
6_5005,21,6
6_5005,27,372
6_5005,43,1011
6_5005,54,1498
6_5005,12,249
6_5005,25,227
6_5005,33,434
6_5005,35,760
6_5005,48,460
6_5005,62,94
6_5005,63,0
6_5005,10,173
6_5005,64,239
6_5005,7,1153
6_5005,9,1019
6_5005,65,30
6_5005,0,-37800
6_5005,17,620
6_5005,20,3285
6_5005,46,429
6_5005,6,1500
6_5006,13,193
6_5006,47,83
6_5006,53,516
6_5006,11,905
6_5006,14,914
6_5006,30,36
6_5006,34,189
6_5006,33,434
6_5006,48,460
6_5006,52,312
6_5006,56,712
6_5006,1,15
6_5006,3,289
6_5006,31,1
6_5006,4,344
6_5006,58,149
6_5006,64,239
6_5006,60,333
6_5006,16,587
6_5006,27,372
6_5006,42,1661
6_5006,23,630
6_5006,26,479
6_5006,37,18
6_5006,54,1498
6_5006,55,311
6_5006,63,0
6_5006,9,1019
6_5006,35,760
6_5006,5,109
6_5006,67,307
6_5006,68,60
6_5006,18,730
6_5006,2,19
6_5006,41,1102
6_5006,19,146
6_5006,21,6
6_5006,22,179
6_5006,25,227
6_5006,38,376
6_5006,43,1011
6_5006,51,467
6_5006,61,30
6_5006,12,249
6_5006,36,530
6_5006,45,1771
6_5006,10,173
6_5006,28,516
6_5006,50,1826
6_5006,57,46
6_5006,8,102
6_5006,24,1242
6_5006,39,388
6_5006,46,429
6_5006,59,691
6_5006,6,1500
6_5006,7,1153
6_5006,66,33
6_5006,29,689
6_5006,32,269
6_5006,44,212
6_5006,17,620
6_5006,20,3285
6_5006,65,30
6_5006,0,-37800
6_5006,15,113
6_5006,40,2610
6_5006,49,1001
6_5006,62,94
6_5007,26,479
6_5007,57,46
6_5007,64,239
6_5007,65,30
6_5007,32,269
6_5007,4,344
6_5007,46,429
6_5007,50,1826
6_5007,19,146
6_5007,33,434
6_5007,51,467
6_5007,53,516
6_5007,0,-37800
6_5007,13,193
6_5007,35,760
6_5007,43,1011
6_5007,34,189
6_5007,38,376
6_5007,62,94
6_5007,7,1153
6_5007,10,173
6_5007,15,113
6_5007,17,620
6_5007,21,6
6_5007,45,1771
6_5007,54,1498
6_5007,55,311
6_5007,1,15
6_5007,27,372
6_5007,37,18
6_5007,47,83
6_5007,56,712
6_5007,23,630
6_5007,30,36
6_5007,41,1102
6_5007,58,149
6_5007,6,1500
6_5007,66,33
6_5007,25,227
6_5007,28,516
6_5007,67,307
6_5007,40,2610
6_5007,63,0
6_5007,12,249
6_5007,14,914
6_5007,24,1242
6_5007,39,388
6_5007,60,333
6_5007,31,1
6_5007,42,1661
6_5007,59,691
6_5007,61,30
6_5007,9,1019
6_5007,68,60
6_5007,20,3285
6_5007,5,109
6_5007,52,312
6_5007,11,905
6_5007,18,730
6_5007,2,19
6_5007,29,689
6_5007,3,289
6_5007,48,460
6_5007,8,102
6_5007,36,530
6_5007,49,1001
6_5007,16,587
6_5007,22,179
6_5007,44,212
6_5008,46,596
6_5008,49,1690
6_5008,15,495
6_5008,2,597
6_5008,20,1043
6_5008,8,294
6_5008,43,251
6_5008,0,-27014
6_5008,34,983
6_5008,37,450
6_5008,45,1132
6_5008,38,298
6_5008,51,305
6_5008,26,139
6_5008,29,53
6_5008,31,324
6_5008,32,216
6_5008,6,223
6_5008,4,1169
6_5008,5,877
6_5008,42,140
6_5008,39,21
6_5008,47,16
6_5008,21,52
6_5008,27,6
6_5008,28,41
6_5008,3,669
6_5008,36,212
6_5008,33,1134
6_5008,9,1298
6_5008,12,1385
6_5008,19,336
6_5008,24,372
6_5008,25,17
6_5008,30,86
6_5008,35,550
6_5008,7,440
6_5008,41,372
6_5008,13,1062
6_5008,14,530
6_5008,16,1855
6_5008,22,499
6_5008,23,481
6_5008,44,19
6_5008,40,1021
6_5008,48,808
6_5008,1,826
6_5008,10,654
6_5008,11,84
6_5008,17,42
6_5008,18,145
6_5008,52,706
6_5009,11,84
6_5009,2,597
6_5009,20,1043
6_5009,34,983
6_5009,5,877
6_5009,45,1132
6_5009,47,16
6_5009,1,826
6_5009,30,86
6_5009,35,550
6_5009,9,1298
6_5009,46,596
6_5009,10,654
6_5009,19,336
6_5009,21,52
6_5009,26,139
6_5009,7,440
6_5009,38,298
6_5009,18,145
6_5009,24,372
6_5009,3,669
6_5009,4,1169
6_5009,43,251
6_5009,12,1385
6_5009,13,1062
6_5009,16,1855
6_5009,23,481
6_5009,36,212
6_5009,6,223
6_5009,8,294
6_5009,39,21
6_5009,0,-27014
6_5009,51,305
6_5009,49,1690
6_5009,32,216
6_5009,40,1021
6_5009,31,324
6_5009,22,499
6_5009,28,41
6_5009,29,53
6_5009,15,495
6_5009,17,42
6_5009,25,17
6_5009,27,6
6_5009,33,1134
6_5009,37,450
6_5009,42,140
6_5009,41,372
6_5009,14,530
6_5009,48,808
6_5009,52,706
6_5009,44,19
6_5010,35,760
6_5010,36,530
6_5010,46,429
6_5010,10,173
6_5010,13,193
6_5010,18,730
6_5010,23,630
6_5010,25,227
6_5010,52,312
6_5010,64,239
6_5010,7,1153
6_5010,9,1019
6_5010,60,333
6_5010,14,914
6_5010,17,620
6_5010,2,19
6_5010,39,388
6_5010,55,311
6_5010,16,587
6_5010,22,179
6_5010,45,1771
6_5010,48,460
6_5010,27,372
6_5010,68,60
6_5010,34,189
6_5010,0,-37800
6_5010,8,102
6_5010,26,479
6_5010,43,1011
6_5010,3,289
6_5010,31,1
6_5010,38,376
6_5010,40,2610
6_5010,54,1498
6_5010,63,0
6_5010,29,689
6_5010,30,36
6_5010,33,434
6_5010,47,83
6_5010,53,516
6_5010,57,46
6_5010,61,30
6_5010,1,15
6_5010,11,905
6_5010,21,6
6_5010,24,1242
6_5010,32,269
6_5010,41,1102
6_5010,49,1001
6_5010,56,712
6_5010,12,249
6_5010,51,467
6_5010,19,146
6_5010,42,1661
6_5010,5,109
6_5010,66,33
6_5010,20,3285
6_5010,44,212
6_5010,67,307
6_5010,15,113
6_5010,28,516
6_5010,37,18
6_5010,50,1826
6_5010,59,691
6_5010,4,344
6_5010,58,149
6_5010,6,1500
6_5010,62,94
6_5010,65,30
7_5000,14,914
7_5000,56,712
7_5000,59,691
7_5000,66,33
7_5000,60,333
7_5000,26,479
7_5000,39,388
7_5000,49,1001
7_5000,55,311
7_5000,63,0
7_5000,31,1
7_5000,40,2610
7_5000,62,94
7_5000,8,102
7_5000,67,307
7_5000,21,6
7_5000,34,189
7_5000,38,376
7_5000,53,516
7_5000,37,18
7_5000,15,113
7_5000,33,434
7_5000,4,344
7_5000,5,109
7_5000,50,1826
7_5000,18,730
7_5000,41,1102
7_5000,45,1771
7_5000,46,429
7_5000,52,312
7_5000,16,587
7_5000,6,1500
7_5000,68,60
7_5000,7,1153
7_5000,9,1019
7_5000,2,19
7_5000,47,83
7_5000,48,460
7_5000,51,467
7_5000,64,239
7_5000,30,36
7_5000,35,760
7_5000,44,212
7_5000,1,15
7_5000,20,3285
7_5000,27,372
7_5000,43,1011
7_5000,61,30
7_5000,36,530
7_5000,54,1498
7_5000,57,46
7_5000,10,173
7_5000,13,193
7_5000,22,179
7_5000,23,630
7_5000,29,689
7_5000,19,146
7_5000,24,1242
7_5000,28,516
7_5000,32,269
7_5000,0,-37800
7_5000,17,620
7_5000,25,227
7_5000,42,1661
7_5000,58,149
7_5000,11,905
7_5000,12,249
7_5000,3,289
7_5000,65,30
7_5001,31,324
7_5001,1,826
7_5001,12,1385
7_5001,15,495
7_5001,19,336
7_5001,23,481
7_5001,29,53
7_5001,3,669
7_5001,4,1169
7_5001,43,251
7_5001,51,305
7_5001,10,654
7_5001,20,1043
7_5001,26,139
7_5001,27,6
7_5001,7,440
7_5001,41,372
7_5001,47,16
7_5001,13,1062
7_5001,14,530
7_5001,24,372
7_5001,5,877
7_5001,52,706
7_5001,17,42
7_5001,8,294
7_5001,44,19
7_5001,49,1690
7_5001,21,52
7_5001,22,499
7_5001,28,41
7_5001,34,983
7_5001,9,1298
7_5001,39,21
7_5001,46,596
7_5001,18,145
7_5001,36,212
7_5001,37,450
7_5001,38,298
7_5001,42,140
7_5001,40,1021
7_5001,45,1132
7_5001,16,1855
7_5001,2,597
7_5001,32,216
7_5001,35,550
7_5001,48,808
7_5001,0,-27014
7_5001,11,84
7_5001,25,17
7_5001,30,86
7_5001,33,1134
7_5001,6,223
7_5002,10,173
7_5002,37,18
7_5002,48,460
7_5002,53,516
7_5002,54,1498
7_5002,59,691
7_5002,21,6
7_5002,45,1771
7_5002,13,193
7_5002,16,587
7_5002,2,19
7_5002,28,516
7_5002,35,760
7_5002,14,914
7_5002,33,434
7_5002,34,189
7_5002,40,2610
7_5002,0,-37800
7_5002,15,113
7_5002,46,429
7_5002,49,1001
7_5002,57,46
7_5002,6,1500
7_5002,23,630
7_5002,8,102
7_5002,18,730
7_5002,19,146
7_5002,3,289
7_5002,52,312
7_5002,66,33
7_5002,60,333
7_5002,43,1011
7_5002,65,30
7_5002,9,1019
7_5002,56,712
7_5002,11,905
7_5002,17,620
7_5002,31,1
7_5002,39,388
7_5002,4,344
7_5002,50,1826
7_5002,20,3285
7_5002,67,307
7_5002,22,179
7_5002,41,1102
7_5002,5,109
7_5002,51,467
7_5002,55,311
7_5002,63,0
7_5002,64,239
7_5002,24,1242
7_5002,26,479
7_5002,27,372
7_5002,38,376
7_5002,42,1661
7_5002,47,83
7_5002,1,15
7_5002,29,689
7_5002,30,36
7_5002,44,212
7_5002,58,149
7_5002,61,30
7_5002,36,530
7_5002,7,1153
7_5002,12,249
7_5002,25,227
7_5002,32,269
7_5002,62,94
7_5002,68,60
7_5003,16,1855
7_5003,17,42
7_5003,2,597
7_5003,32,216
7_5003,37,450
7_5003,7,440
7_5003,41,372
7_5003,13,1062
7_5003,45,1132
7_5003,46,596
7_5003,49,1690
7_5003,39,21
7_5003,19,336
7_5003,3,669
7_5003,31,664
7_5003,36,212
7_5003,8,294
7_5003,11,84
7_5003,30,86
7_5003,48,808
7_5003,15,495
7_5003,18,145
7_5003,27,6
7_5003,29,53
7_5003,9,1298
7_5003,42,140
7_5003,44,19
7_5003,0,-27014
7_5003,22,499
7_5003,34,983
7_5003,35,550
7_5003,4,1169
7_5003,43,251
7_5003,14,530
7_5003,26,139
7_5003,28,41
7_5003,5,877
7_5003,47,16
7_5003,1,826
7_5003,20,1043
7_5003,21,52
7_5003,6,223
7_5003,38,298
7_5003,40,681
7_5003,51,305
7_5003,12,1385
7_5003,23,481
7_5003,24,372
7_5003,25,17
7_5003,33,1134
7_5003,52,706
7_5003,10,654
7_5004,63,0
7_5004,15,113
7_5004,31,1
7_5004,38,376
7_5004,57,46
7_5004,59,691
7_5004,9,1019
7_5004,29,689
7_5004,45,1771
7_5004,5,109
7_5004,65,30
7_5004,33,434
7_5004,53,516
7_5004,6,1500
7_5004,51,467
7_5004,62,94
7_5004,0,-37800
7_5004,25,227
7_5004,43,1011
7_5004,4,344
7_5004,1,15
7_5004,28,516
7_5004,37,18
7_5004,12,249
7_5004,67,307
7_5004,17,620
7_5004,30,36
7_5004,49,1001
7_5004,14,914
7_5004,42,1661
7_5004,58,149
7_5004,27,372
7_5004,44,212
7_5004,54,1498
7_5004,56,712
7_5004,13,193
7_5004,20,3285
7_5004,26,479
7_5004,10,173
7_5004,18,730
7_5004,7,1153
7_5004,52,312
7_5004,64,239
7_5004,19,146
7_5004,23,630
7_5004,50,1826
7_5004,66,33
7_5004,21,6
7_5004,22,179
7_5004,32,269
7_5004,61,30
7_5004,36,530
7_5004,40,2610
7_5004,47,83
7_5004,39,388
7_5004,55,311
7_5004,8,102
7_5004,16,587
7_5004,24,1242
7_5004,35,760
7_5004,34,189
7_5004,41,1102
7_5004,48,460
7_5004,46,429
7_5004,68,60
7_5004,60,333
7_5004,11,905
7_5004,2,19
7_5004,3,289
7_5005,29,53
7_5005,6,223
7_5005,38,298
7_5005,41,372
7_5005,43,251
7_5005,44,19
7_5005,46,596
7_5005,14,530
7_5005,52,706
7_5005,47,16
7_5005,16,1855
7_5005,22,499
7_5005,31,324
7_5005,8,294
7_5005,11,84
7_5005,32,216
7_5005,33,1134
7_5005,34,983
7_5005,36,212
7_5005,37,450
7_5005,48,808
7_5005,15,495
7_5005,35,550
7_5005,42,140
7_5005,39,21
7_5005,51,305
7_5005,26,139
7_5005,10,654
7_5005,18,145
7_5005,20,1043
7_5005,27,6
7_5005,3,669
7_5005,7,440
7_5005,40,1021
7_5005,0,-27014
7_5005,21,52
7_5005,23,481
7_5005,24,372
7_5005,5,877
7_5005,9,1298
7_5005,12,1385
7_5005,13,1062
7_5005,2,597
7_5005,25,17
7_5005,28,41
7_5005,30,86
7_5005,1,826
7_5005,19,336
7_5005,4,1169
7_5005,45,1132
7_5005,49,1690
7_5005,17,42
7_5006,19,336
7_5006,5,877
7_5006,43,251
7_5006,48,808
7_5006,49,1690
7_5006,51,305
7_5006,12,1385
7_5006,16,1855
7_5006,7,440
7_5006,11,84
7_5006,28,41
7_5006,34,983
7_5006,38,298
7_5006,42,140
7_5006,47,16
7_5006,1,826
7_5006,21,52
7_5006,24,372
7_5006,30,86
7_5006,32,216
7_5006,36,212
7_5006,4,1169
7_5006,6,223
7_5006,15,495
7_5006,45,1132
7_5006,22,499
7_5006,25,17
7_5006,3,669
7_5006,31,324
7_5006,9,1298
7_5006,18,145
7_5006,20,1043
7_5006,33,1134
7_5006,0,-27014
7_5006,26,139
7_5006,29,53
7_5006,35,550
7_5006,37,450
7_5006,8,294
7_5006,41,372
7_5006,44,19
7_5006,23,481
7_5006,46,596
7_5006,13,1062
7_5006,14,530
7_5006,17,42
7_5006,2,597
7_5006,27,6
7_5006,39,21
7_5006,40,1021
7_5006,10,654
7_5006,52,706
7_5007,35,550
7_5007,13,1062
7_5007,17,42
7_5007,2,597
7_5007,20,1043
7_5007,3,669
7_5007,31,324
7_5007,33,1134
7_5007,6,223
7_5007,38,298
7_5007,4,1169
7_5007,42,140
7_5007,45,1132
7_5007,1,826
7_5007,11,84
7_5007,26,139
7_5007,29,53
7_5007,25,17
7_5007,36,212
7_5007,7,440
7_5007,47,16
7_5007,44,19
7_5007,14,530
7_5007,18,145
7_5007,22,499
7_5007,23,481
7_5007,24,372
7_5007,30,86
7_5007,8,294
7_5007,51,305
7_5007,15,495
7_5007,16,1855
7_5007,27,6
7_5007,5,877
7_5007,40,1021
7_5007,48,808
7_5007,49,1690
7_5007,52,706
7_5007,12,1385
7_5007,21,52
7_5007,32,216
7_5007,34,983
7_5007,9,1298
7_5007,43,251
7_5007,46,596
7_5007,0,-27014
7_5007,10,654
7_5007,19,336
7_5007,28,41
7_5007,37,450
7_5007,41,372
7_5007,39,21
7_5008,1,826
7_5008,15,495
7_5008,8,294
7_5008,9,1298
7_5008,47,16
7_5008,51,305
7_5008,11,84
7_5008,2,597
7_5008,31,324
7_5008,33,1134
7_5008,35,550
7_5008,37,450
7_5008,4,1169
7_5008,5,877
7_5008,52,706
7_5008,16,1855
7_5008,20,1043
7_5008,22,499
7_5008,3,669
7_5008,30,86
7_5008,6,223
7_5008,40,1021
7_5008,48,808
7_5008,18,145
7_5008,19,336
7_5008,27,6
7_5008,42,140
7_5008,41,372
7_5008,39,21
7_5008,45,1132
7_5008,14,530
7_5008,29,53
7_5008,38,298
7_5008,43,251
7_5008,10,654
7_5008,12,1385
7_5008,17,42
7_5008,24,372
7_5008,7,440
7_5008,44,19
7_5008,25,17
7_5008,26,139
7_5008,32,216
7_5008,34,983
7_5008,49,1690
7_5008,0,-27014
7_5008,13,1062
7_5008,21,52
7_5008,23,481
7_5008,28,41
7_5008,36,212
7_5008,46,596
7_5009,56,712
7_5009,57,46
7_5009,60,333
7_5009,51,467
7_5009,54,1498
7_5009,43,1011
7_5009,48,460
7_5009,49,1001
7_5009,5,109
7_5009,52,312
7_5009,58,149
7_5009,4,344
7_5009,41,1102
7_5009,61,30
7_5009,64,239
7_5009,28,516
7_5009,36,530
7_5009,23,630
7_5009,24,1242
7_5009,33,434
7_5009,45,1771
7_5009,55,311
7_5009,13,193
7_5009,15,113
7_5009,2,19
7_5009,40,2610
7_5009,44,212
7_5009,10,173
7_5009,17,620
7_5009,62,94
7_5009,66,33
7_5009,27,372
7_5009,3,289
7_5009,50,1826
7_5009,8,102
7_5009,9,1019
7_5009,18,730
7_5009,30,36
7_5009,47,83
7_5009,19,146
7_5009,26,479
7_5009,14,914
7_5009,34,189
7_5009,38,376
7_5009,6,1500
7_5009,11,905
7_5009,12,249
7_5009,16,587
7_5009,37,18
7_5009,39,388
7_5009,53,516
7_5009,7,1153
7_5009,68,60
7_5009,1,15
7_5009,29,689
7_5009,59,691
7_5009,32,269
7_5009,46,429
7_5009,42,1661
7_5009,65,30
7_5009,0,-37800
7_5009,21,6
7_5009,63,0
7_5009,67,307
7_5009,25,227
7_5009,35,760
7_5009,31,1
7_5009,20,3285
7_5009,22,179
7_5010,29,53
7_5010,37,450
7_5010,8,294
7_5010,42,140
7_5010,13,1062
7_5010,14,530
7_5010,18,145
7_5010,20,1043
7_5010,45,1132
7_5010,47,16
7_5010,52,706
7_5010,17,42
7_5010,24,372
7_5010,6,223
7_5010,43,251
7_5010,0,-27014
7_5010,5,877
7_5010,49,1690
7_5010,3,669
7_5010,31,324
7_5010,35,550
7_5010,9,1298
7_5010,1,826
7_5010,2,597
7_5010,23,481
7_5010,25,17
7_5010,38,298
7_5010,41,372
7_5010,10,654
7_5010,15,495
7_5010,16,1855
7_5010,51,305
7_5010,39,21
7_5010,12,1385
7_5010,27,6
7_5010,34,983
7_5010,7,440
7_5010,33,1134
7_5010,44,19
7_5010,40,1021
7_5010,48,808
7_5010,11,84
7_5010,21,52
7_5010,30,86
7_5010,32,216
7_5010,36,212
7_5010,4,1169
7_5010,46,596
7_5010,19,336
7_5010,22,499
7_5010,26,139
7_5010,28,41
8_5000,10,173
8_5000,38,376
8_5000,46,429
8_5000,50,1826
8_5000,64,239
8_5000,60,333
8_5000,18,730
8_5000,32,269
8_5000,40,2610
8_5000,37,18
8_5000,42,1661
8_5000,66,33
8_5000,25,227
8_5000,26,479
8_5000,27,372
8_5000,52,312
8_5000,56,712
8_5000,65,30
8_5000,16,587
8_5000,34,189
8_5000,41,1102
8_5000,68,60
8_5000,12,249
8_5000,36,530
8_5000,7,1153
8_5000,63,0
8_5000,43,1011
8_5000,59,691
8_5000,61,30
8_5000,30,36
8_5000,47,83
8_5000,14,914
8_5000,22,179
8_5000,23,630
8_5000,33,434
8_5000,6,1500
8_5000,62,94
8_5000,51,467
8_5000,57,46
8_5000,31,1
8_5000,4,344
8_5000,49,1001
8_5000,29,689
8_5000,5,109
8_5000,17,620
8_5000,54,1498
8_5000,55,311
8_5000,44,212
8_5000,48,460
8_5000,9,1019
8_5000,0,-37800
8_5000,11,905
8_5000,15,113
8_5000,28,516
8_5000,45,1771
8_5000,58,149
8_5000,1,15
8_5000,2,19
8_5000,20,3285
8_5000,13,193
8_5000,19,146
8_5000,24,1242
8_5000,53,516
8_5000,21,6
8_5000,3,289
8_5000,35,760
8_5000,39,388
8_5000,8,102
8_5000,67,307
8_5001,5,109
8_5001,61,30
8_5001,0,-37800
8_5001,12,249
8_5001,3,289
8_5001,38,376
8_5001,1,15
8_5001,20,3285
8_5001,24,1242
8_5001,53,516
8_5001,31,1
8_5001,39,388
8_5001,56,712
8_5001,65,30
8_5001,54,1498
8_5001,30,36
8_5001,41,1102
8_5001,44,212
8_5001,45,1771
8_5001,67,307
8_5001,11,905
8_5001,19,146
8_5001,27,372
8_5001,57,46
8_5001,18,730
8_5001,26,479
8_5001,32,269
8_5001,49,1001
8_5001,55,311
8_5001,14,914
8_5001,23,630
8_5001,25,227
8_5001,6,1500
8_5001,63,0
8_5001,8,102
8_5001,43,1011
8_5001,47,83
8_5001,51,467
8_5001,59,691
8_5001,16,587
8_5001,2,19
8_5001,46,429
8_5001,48,460
8_5001,60,333
8_5001,10,173
8_5001,28,516
8_5001,52,312
8_5001,64,239
8_5001,29,689
8_5001,33,434
8_5001,40,2610
8_5001,62,94
8_5001,13,193
8_5001,15,113
8_5001,50,1826
8_5001,58,149
8_5001,17,620
8_5001,21,6
8_5001,36,530
8_5001,42,1661
8_5001,35,760
8_5001,7,1153
8_5001,68,60
8_5001,9,1019
8_5001,66,33
8_5001,22,179
8_5001,34,189
8_5001,37,18
8_5001,4,344
8_5002,50,1826
8_5002,54,1498
8_5002,18,730
8_5002,35,760
8_5002,40,2610
8_5002,58,149
8_5002,24,1242
8_5002,33,434
8_5002,52,312
8_5002,67,307
8_5002,15,113
8_5002,16,587
8_5002,17,620
8_5002,19,146
8_5002,36,530
8_5002,12,249
8_5002,53,516
8_5002,62,94
8_5002,39,388
8_5002,26,479
8_5002,32,269
8_5002,64,239
8_5002,21,6
8_5002,42,1661
8_5002,13,193
8_5002,41,1102
8_5002,45,1771
8_5002,47,83
8_5002,63,0
8_5002,65,30
8_5002,29,689
8_5002,59,691
8_5002,68,60
8_5002,60,333
8_5002,37,18
8_5002,38,376
8_5002,4,344
8_5002,43,1011
8_5002,9,1019
8_5002,66,33
8_5002,2,19
8_5002,57,46
8_5002,48,460
8_5002,1,15
8_5002,14,914
8_5002,3,289
8_5002,6,1500
8_5002,8,102
8_5002,0,-37800
8_5002,11,905
8_5002,31,1
8_5002,5,109
8_5002,51,467
8_5002,10,173
8_5002,44,212
8_5002,46,429
8_5002,49,1001
8_5002,61,30
8_5002,30,36
8_5002,22,179
8_5002,23,630
8_5002,25,227
8_5002,27,372
8_5002,34,189
8_5002,55,311
8_5002,20,3285
8_5002,56,712
8_5002,7,1153
8_5002,28,516
8_5003,33,1134
8_5003,37,450
8_5003,43,251
8_5003,46,596
8_5003,10,654
8_5003,29,53
8_5003,17,42
8_5003,23,481
8_5003,25,17
8_5003,3,669
8_5003,35,550
8_5003,7,440
8_5003,13,1062
8_5003,14,530
8_5003,24,372
8_5003,48,808
8_5003,19,336
8_5003,22,499
8_5003,31,324
8_5003,32,216
8_5003,4,1169
8_5003,8,294
8_5003,41,372
8_5003,44,19
8_5003,12,1385
8_5003,2,597
8_5003,40,1021
8_5003,52,706
8_5003,5,877
8_5003,6,223
8_5003,38,298
8_5003,42,140
8_5003,49,1690
8_5003,20,1043
8_5003,28,41
8_5003,26,139
8_5003,30,86
8_5003,34,983
8_5003,39,21
8_5003,16,1855
8_5003,18,145
8_5003,15,495
8_5003,27,6
8_5003,36,212
8_5003,9,1298
8_5003,47,16
8_5003,0,-27014
8_5003,1,826
8_5003,45,1132
8_5003,51,305
8_5003,11,84
8_5003,21,52
8_5004,18,730
8_5004,39,388
8_5004,52,312
8_5004,7,1153
8_5004,17,620
8_5004,25,227
8_5004,40,2610
8_5004,2,19
8_5004,28,516
8_5004,35,760
8_5004,46,429
8_5004,5,109
8_5004,61,30
8_5004,67,307
8_5004,0,-37800
8_5004,21,6
8_5004,26,479
8_5004,54,1498
8_5004,56,712
8_5004,57,46
8_5004,45,1771
8_5004,13,193
8_5004,20,3285
8_5004,22,179
8_5004,27,372
8_5004,30,36
8_5004,38,376
8_5004,42,1661
8_5004,64,239
8_5004,24,1242
8_5004,4,344
8_5004,48,460
8_5004,15,113
8_5004,3,289
8_5004,36,530
8_5004,41,1102
8_5004,6,1500
8_5004,12,249
8_5004,47,83
8_5004,50,1826
8_5004,53,516
8_5004,65,30
8_5004,8,102
8_5004,68,60
8_5004,10,173
8_5004,32,269
8_5004,33,434
8_5004,34,189
8_5004,55,311
8_5004,9,1019
8_5004,66,33
8_5004,1,15
8_5004,29,689
8_5004,11,905
8_5004,14,914
8_5004,19,146
8_5004,37,18
8_5004,51,467
8_5004,63,0
8_5004,23,630
8_5004,31,1
8_5004,43,1011
8_5004,58,149
8_5004,16,587
8_5004,44,212
8_5004,49,1001
8_5004,59,691
8_5004,62,94
8_5004,60,333
8_5005,21,52
8_5005,24,372
8_5005,3,669
8_5005,33,1134
8_5005,37,450
8_5005,47,16
8_5005,15,495
8_5005,29,53
8_5005,30,86
8_5005,41,372
8_5005,14,530
8_5005,16,1855
8_5005,22,499
8_5005,44,19
8_5005,46,596
8_5005,1,826
8_5005,10,654
8_5005,17,42
8_5005,18,145
8_5005,34,983
8_5005,7,440
8_5005,8,294
8_5005,9,1298
8_5005,40,1021
8_5005,51,305
8_5005,19,336
8_5005,2,597
8_5005,20,1043
8_5005,26,139
8_5005,36,212
8_5005,5,877
8_5005,43,251
8_5005,49,1690
8_5005,52,706
8_5005,0,-27014
8_5005,11,84
8_5005,12,1385
8_5005,23,481
8_5005,31,324
8_5005,32,216
8_5005,42,140
8_5005,45,1132
8_5005,48,808
8_5005,13,1062
8_5005,27,6
8_5005,35,550
8_5005,6,223
8_5005,25,17
8_5005,28,41
8_5005,4,1169
8_5005,38,298
8_5005,39,21
8_5006,17,42
8_5006,20,1043
8_5006,22,499
8_5006,37,450
8_5006,41,372
8_5006,1,826
8_5006,11,84
8_5006,4,1169
8_5006,39,21
8_5006,44,19
8_5006,40,1021
8_5006,45,1132
8_5006,47,16
8_5006,13,1062
8_5006,35,550
8_5006,29,53
8_5006,30,86
8_5006,7,440
8_5006,8,294
8_5006,49,1690
8_5006,10,654
8_5006,27,6
8_5006,23,481
8_5006,26,139
8_5006,31,324
8_5006,9,1298
8_5006,14,530
8_5006,19,336
8_5006,32,216
8_5006,38,298
8_5006,43,251
8_5006,16,1855
8_5006,21,52
8_5006,28,41
8_5006,33,1134
8_5006,34,983
8_5006,5,877
8_5006,6,223
8_5006,42,140
8_5006,0,-27014
8_5006,2,597
8_5006,48,808
8_5006,46,596
8_5006,51,305
8_5006,18,145
8_5006,3,669
8_5006,24,372
8_5006,25,17
8_5006,36,212
8_5006,52,706
8_5006,12,1385
8_5006,15,495
8_5007,14,530
8_5007,24,372
8_5007,26,139
8_5007,3,669
8_5007,35,550
8_5007,4,1169
8_5007,7,440
8_5007,25,17
8_5007,27,6
8_5007,37,450
8_5007,5,877
8_5007,9,1298
8_5007,39,21
8_5007,43,251
8_5007,44,19
8_5007,45,1132
8_5007,47,16
8_5007,13,1062
8_5007,17,42
8_5007,33,1134
8_5007,34,983
8_5007,6,223
8_5007,38,298
8_5007,42,140
8_5007,49,1690
8_5007,0,-27014
8_5007,12,1385
8_5007,21,52
8_5007,22,499
8_5007,23,481
8_5007,28,41
8_5007,48,808
8_5007,11,84
8_5007,18,145
8_5007,2,597
8_5007,36,212
8_5007,41,372
8_5007,10,654
8_5007,15,495
8_5007,31,324
8_5007,32,216
8_5007,8,294
8_5007,46,596
8_5007,51,305
8_5007,52,706
8_5007,1,826
8_5007,16,1855
8_5007,30,86
8_5007,40,1021
8_5007,19,336
8_5007,20,1043
8_5007,29,53
8_5008,22,40
8_5008,12,774
8_5008,11,947
8_5008,44,176
8_5008,39,22
8_5008,20,142
8_5008,40,449
8_5008,26,51
8_5008,5,63
8_5008,45,2411
8_5008,1,412
8_5008,0,-32843
8_5008,52,276
8_5008,15,596
8_5008,29,18
8_5008,18,704
8_5008,43,1176
8_5008,49,612
8_5008,35,825
8_5008,30,333
8_5008,4,173
8_5008,61,184
8_5008,53,437
8_5008,62,8
8_5008,31,1039
8_5008,65,34
8_5008,3,503
8_5008,8,446
8_5008,42,135
8_5008,25,173
8_5008,34,156
8_5008,23,34
8_5008,46,520
8_5008,13,409
8_5008,38,228
8_5008,14,16
8_5008,37,918
8_5008,32,636
8_5008,24,867
8_5008,59,121
8_5008,33,1138
8_5008,41,745
8_5008,10,121
8_5008,55,626
8_5008,36,907
8_5008,51,1289
8_5008,57,1063
8_5008,50,915
8_5008,47,54
8_5008,19,2311
8_5008,28,428
8_5008,17,1240
8_5008,27,310
8_5008,48,191
8_5008,63,3
8_5008,64,314
8_5008,21,1013
8_5008,6,736
8_5008,9,193
8_5008,16,60
8_5008,2,19
8_5008,7,580
8_5008,54,1332
8_5008,56,140
8_5008,58,51
8_5009,31,324
8_5009,37,450
8_5009,38,298
8_5009,10,654
8_5009,17,42
8_5009,21,52
8_5009,28,41
8_5009,3,669
8_5009,43,251
8_5009,40,1021
8_5009,45,1132
8_5009,18,145
8_5009,19,336
8_5009,2,597
8_5009,24,372
8_5009,47,16
8_5009,9,1298
8_5009,39,21
8_5009,11,84
8_5009,22,499
8_5009,25,17
8_5009,35,550
8_5009,7,440
8_5009,8,294
8_5009,42,140
8_5009,46,596
8_5009,1,826
8_5009,20,1043
8_5009,34,983
8_5009,4,1169
8_5009,6,223
8_5009,49,1690
8_5009,0,-27014
8_5009,23,481
8_5009,26,139
8_5009,44,19
8_5009,48,808
8_5009,12,1385
8_5009,33,1134
8_5009,41,372
8_5009,51,305
8_5009,14,530
8_5009,16,1855
8_5009,32,216
8_5009,5,877
8_5009,36,212
8_5009,52,706
8_5009,13,1062
8_5009,15,495
8_5009,27,6
8_5009,29,53
8_5009,30,86
8_5010,10,654
8_5010,11,84
8_5010,2,597
8_5010,8,294
8_5010,42,140
8_5010,41,372
8_5010,45,1132
8_5010,51,305
8_5010,16,1855
8_5010,3,669
8_5010,37,450
8_5010,9,1298
8_5010,44,19
8_5010,47,16
8_5010,49,1690
8_5010,14,530
8_5010,34,983
8_5010,7,440
8_5010,52,706
8_5010,28,41
8_5010,18,145
8_5010,19,336
8_5010,20,1043
8_5010,22,499
8_5010,23,481
8_5010,24,372
8_5010,26,139
8_5010,31,324
8_5010,4,1169
8_5010,39,21
8_5010,21,52
8_5010,27,6
8_5010,38,298
8_5010,48,808
8_5010,13,1062
8_5010,15,495
8_5010,17,42
8_5010,29,53
8_5010,36,212
8_5010,43,251
8_5010,46,596
8_5010,5,877
8_5010,35,550
8_5010,0,-27014
8_5010,1,826
8_5010,12,1385
8_5010,25,17
8_5010,30,86
8_5010,32,216
8_5010,33,1134
8_5010,6,223
8_5010,40,1021
9_5000,1,826
9_5000,13,1062
9_5000,18,145
9_5000,2,597
9_5000,40,1021
9_5000,19,336
9_5000,25,17
9_5000,33,1134
9_5000,6,223
9_5000,8,294
9_5000,9,1298
9_5000,43,251
9_5000,46,596
9_5000,22,499
9_5000,23,481
9_5000,3,669
9_5000,32,216
9_5000,35,550
9_5000,39,21
9_5000,45,1132
9_5000,10,654
9_5000,14,530
9_5000,24,372
9_5000,36,212
9_5000,4,1169
9_5000,0,-27014
9_5000,16,1855
9_5000,17,42
9_5000,28,41
9_5000,29,53
9_5000,11,84
9_5000,15,495
9_5000,26,139
9_5000,30,86
9_5000,37,450
9_5000,38,298
9_5000,41,372
9_5000,12,1385
9_5000,20,1043
9_5000,5,877
9_5000,7,440
9_5000,42,140
9_5000,48,808
9_5000,49,1690
9_5000,52,706
9_5000,21,52
9_5000,27,6
9_5000,31,324
9_5000,34,983
9_5000,44,19
9_5000,47,16
9_5000,51,305
9_5001,68,60
9_5001,10,173
9_5001,48,460
9_5001,61,30
9_5001,67,307
9_5001,62,94
9_5001,1,15
9_5001,3,289
9_5001,39,388
9_5001,49,1001
9_5001,22,179
9_5001,35,760
9_5001,20,3285
9_5001,34,189
9_5001,58,149
9_5001,65,30
9_5001,8,102
9_5001,33,434
9_5001,41,1102
9_5001,9,1019
9_5001,12,249
9_5001,21,6
9_5001,28,516
9_5001,29,689
9_5001,51,467
9_5001,55,311
9_5001,66,33
9_5001,16,587
9_5001,18,730
9_5001,27,372
9_5001,30,36
9_5001,46,429
9_5001,5,109
9_5001,17,620
9_5001,42,1661
9_5001,44,212
9_5001,45,1771
9_5001,63,0
9_5001,60,333
9_5001,24,1242
9_5001,31,1
9_5001,37,18
9_5001,7,1153
9_5001,15,113
9_5001,19,146
9_5001,52,312
9_5001,53,516
9_5001,2,19
9_5001,23,630
9_5001,40,2610
9_5001,56,712
9_5001,13,193
9_5001,32,269
9_5001,4,344
9_5001,54,1498
9_5001,38,376
9_5001,47,83
9_5001,64,239
9_5001,11,905
9_5001,14,914
9_5001,25,227
9_5001,36,530
9_5001,57,46
9_5001,59,691
9_5001,6,1500
9_5001,0,-37800
9_5001,26,479
9_5001,43,1011
9_5001,50,1826
9_5002,3,669
9_5002,42,140
9_5002,49,1690
9_5002,12,1385
9_5002,27,6
9_5002,21,52
9_5002,33,1134
9_5002,36,212
9_5002,52,706
9_5002,11,84
9_5002,16,1855
9_5002,17,42
9_5002,23,481
9_5002,24,372
9_5002,26,139
9_5002,37,450
9_5002,6,223
9_5002,0,-27014
9_5002,15,495
9_5002,39,21
9_5002,43,251
9_5002,40,681
9_5002,47,16
9_5002,48,808
9_5002,9,1298
9_5002,41,372
9_5002,29,53
9_5002,34,983
9_5002,45,1132
9_5002,14,530
9_5002,28,41
9_5002,31,664
9_5002,35,550
9_5002,4,1169
9_5002,8,294
9_5002,10,654
9_5002,18,145
9_5002,44,19
9_5002,46,596
9_5002,19,336
9_5002,5,877
9_5002,20,1043
9_5002,22,499
9_5002,30,86
9_5002,7,440
9_5002,51,305
9_5002,1,826
9_5002,13,1062
9_5002,32,216
9_5002,38,298
9_5002,2,597
9_5002,25,17
9_5003,62,94
9_5003,65,30
9_5003,5,109
9_5003,27,372
9_5003,3,289
9_5003,6,1500
9_5003,15,113
9_5003,19,146
9_5003,55,311
9_5003,16,587
9_5003,36,530
9_5003,58,149
9_5003,59,691
9_5003,64,239
9_5003,66,33
9_5003,1,15
9_5003,44,212
9_5003,50,1826
9_5003,52,312
9_5003,0,-37800
9_5003,34,189
9_5003,63,0
9_5003,67,307
9_5003,22,179
9_5003,26,479
9_5003,28,516
9_5003,33,434
9_5003,38,376
9_5003,41,1102
9_5003,57,46
9_5003,8,102
9_5003,24,1242
9_5003,35,760
9_5003,42,1661
9_5003,53,516
9_5003,61,30
9_5003,11,905
9_5003,49,1001
9_5003,54,1498
9_5003,7,1153
9_5003,17,620
9_5003,68,60
9_5003,25,227
9_5003,29,689
9_5003,31,1
9_5003,43,1011
9_5003,18,730
9_5003,32,269
9_5003,40,2610
9_5003,14,914
9_5003,46,429
9_5003,48,460
9_5003,9,1019
9_5003,12,249
9_5003,30,36
9_5003,37,18
9_5003,39,388
9_5003,45,1771
9_5003,51,467
9_5003,13,193
9_5003,23,630
9_5003,56,712
9_5003,60,333
9_5003,10,173
9_5003,20,3285
9_5003,21,6
9_5003,4,344
9_5003,47,83
9_5003,2,19
9_5004,8,102
9_5004,68,60
9_5004,25,227
9_5004,37,18
9_5004,44,212
9_5004,6,1500
9_5004,62,94
9_5004,9,1019
9_5004,17,620
9_5004,20,3285
9_5004,59,691
9_5004,1,15
9_5004,38,376
9_5004,52,312
9_5004,18,730
9_5004,26,479
9_5004,58,149
9_5004,10,173
9_5004,54,1498
9_5004,45,1771
9_5004,51,467
9_5004,61,30
9_5004,67,307
9_5004,21,6
9_5004,23,630
9_5004,13,193
9_5004,16,587
9_5004,24,1242
9_5004,39,388
9_5004,4,344
9_5004,41,1102
9_5004,0,-37800
9_5004,11,905
9_5004,46,429
9_5004,42,1661
9_5004,57,46
9_5004,30,36
9_5004,33,434
9_5004,31,1
9_5004,32,269
9_5004,35,760
9_5004,64,239
9_5004,22,179
9_5004,3,289
9_5004,40,2610
9_5004,50,1826
9_5004,56,712
9_5004,60,333
9_5004,27,372
9_5004,34,189
9_5004,48,460
9_5004,5,109
9_5004,63,0
9_5004,12,249
9_5004,19,146
9_5004,29,689
9_5004,43,1011
9_5004,49,1001
9_5004,7,1153
9_5004,66,33
9_5004,14,914
9_5004,47,83
9_5004,65,30
9_5004,15,113
9_5004,28,516
9_5004,53,516
9_5004,55,311
9_5004,2,19
9_5004,36,530
9_5005,29,53
9_5005,30,86
9_5005,8,294
9_5005,42,140
9_5005,0,-27014
9_5005,15,495
9_5005,20,1043
9_5005,23,481
9_5005,43,251
9_5005,49,1690
9_5005,10,654
9_5005,17,42
9_5005,25,17
9_5005,40,1021
9_5005,16,1855
9_5005,18,145
9_5005,19,336
9_5005,41,372
9_5005,36,212
9_5005,4,1169
9_5005,7,440
9_5005,52,706
9_5005,1,826
9_5005,11,84
9_5005,13,1062
9_5005,31,324
9_5005,26,139
9_5005,9,1298
9_5005,44,19
9_5005,37,450
9_5005,38,298
9_5005,39,21
9_5005,46,596
9_5005,12,1385
9_5005,22,499
9_5005,3,669
9_5005,35,550
9_5005,47,16
9_5005,48,808
9_5005,33,1134
9_5005,5,877
9_5005,51,305
9_5005,2,597
9_5005,24,372
9_5005,27,6
9_5005,32,216
9_5005,6,223
9_5005,45,1132
9_5005,14,530
9_5005,21,52
9_5005,28,41
9_5005,34,983
9_5006,34,983
9_5006,38,298
9_5006,12,1385
9_5006,15,495
9_5006,2,597
9_5006,27,6
9_5006,32,216
9_5006,26,139
9_5006,30,86
9_5006,31,324
9_5006,13,1062
9_5006,16,1855
9_5006,17,42
9_5006,20,1043
9_5006,21,52
9_5006,37,450
9_5006,46,596
9_5006,51,305
9_5006,14,530
9_5006,29,53
9_5006,4,1169
9_5006,42,140
9_5006,47,16
9_5006,10,654
9_5006,18,145
9_5006,52,706
9_5006,0,-27014
9_5006,23,481
9_5006,25,17
9_5006,35,550
9_5006,41,372
9_5006,45,1132
9_5006,49,1690
9_5006,1,826
9_5006,28,41
9_5006,9,1298
9_5006,43,251
9_5006,40,1021
9_5006,36,212
9_5006,5,877
9_5006,6,223
9_5006,11,84
9_5006,19,336
9_5006,22,499
9_5006,24,372
9_5006,33,1134
9_5006,8,294
9_5006,48,808
9_5006,3,669
9_5006,7,440
9_5006,39,21
9_5006,44,19
9_5007,34,189
9_5007,41,1102
9_5007,59,691
9_5007,6,1500
9_5007,18,730
9_5007,2,19
9_5007,24,1242
9_5007,26,479
9_5007,61,30
9_5007,1,15
9_5007,15,113
9_5007,0,-37800
9_5007,28,516
9_5007,54,1498
9_5007,9,1019
9_5007,25,227
9_5007,20,3285
9_5007,23,630
9_5007,38,376
9_5007,21,6
9_5007,35,760
9_5007,55,311
9_5007,4,344
9_5007,40,2610
9_5007,42,1661
9_5007,49,1001
9_5007,22,179
9_5007,27,372
9_5007,3,289
9_5007,32,269
9_5007,53,516
9_5007,12,249
9_5007,43,1011
9_5007,57,46
9_5007,31,1
9_5007,33,434
9_5007,52,312
9_5007,58,149
9_5007,67,307
9_5007,60,333
9_5007,16,587
9_5007,30,36
9_5007,39,388
9_5007,8,102
9_5007,44,212
9_5007,47,83
9_5007,50,1826
9_5007,10,173
9_5007,11,905
9_5007,13,193
9_5007,19,146
9_5007,63,0
9_5007,7,1153
9_5007,14,914
9_5007,45,1771
9_5007,46,429
9_5007,5,109
9_5007,66,33
9_5007,36,530
9_5007,48,460
9_5007,56,712
9_5007,65,30
9_5007,17,620
9_5007,62,94
9_5007,68,60
9_5007,29,689
9_5007,37,18
9_5007,51,467
9_5007,64,239
9_5008,52,312
9_5008,55,311
9_5008,12,249
9_5008,24,1242
9_5008,26,479
9_5008,29,689
9_5008,43,1011
9_5008,16,587
9_5008,19,146
9_5008,37,18
9_5008,60,333
9_5008,7,1153
9_5008,9,1019
9_5008,22,179
9_5008,46,429
9_5008,49,1001
9_5008,54,1498
9_5008,58,149
9_5008,17,620
9_5008,34,189
9_5008,39,388
9_5008,8,102
9_5008,66,33
9_5008,48,460
9_5008,50,1826
9_5008,56,712
9_5008,1,15
9_5008,21,6
9_5008,28,516
9_5008,35,760
9_5008,42,1661
9_5008,59,691
9_5008,2,19
9_5008,41,1102
9_5008,5,109
9_5008,20,3285
9_5008,30,36
9_5008,4,344
9_5008,40,2610
9_5008,51,467
9_5008,0,-37800
9_5008,13,193
9_5008,15,113
9_5008,45,1771
9_5008,25,227
9_5008,32,269
9_5008,53,516
9_5008,61,30
9_5008,64,239
9_5008,3,289
9_5008,18,730
9_5008,36,530
9_5008,38,376
9_5008,44,212
9_5008,11,905
9_5008,47,83
9_5008,68,60
9_5008,63,0
9_5008,65,30
9_5008,14,914
9_5008,27,372
9_5008,31,1
9_5008,33,434
9_5008,6,1500
9_5008,10,173
9_5008,62,94
9_5008,23,630
9_5008,57,46
9_5008,67,307
9_5009,1,826
9_5009,14,530
9_5009,20,1043
9_5009,33,1134
9_5009,40,1021
9_5009,12,1385
9_5009,17,42
9_5009,24,372
9_5009,29,53
9_5009,42,140
9_5009,43,251
9_5009,51,305
9_5009,13,1062
9_5009,25,17
9_5009,27,6
9_5009,34,983
9_5009,38,298
9_5009,44,19
9_5009,21,52
9_5009,26,139
9_5009,28,41
9_5009,32,216
9_5009,4,1169
9_5009,52,706
9_5009,2,597
9_5009,6,223
9_5009,9,1298
9_5009,39,21
9_5009,45,1132
9_5009,47,16
9_5009,49,1690
9_5009,0,-27014
9_5009,10,654
9_5009,19,336
9_5009,23,481
9_5009,31,324
9_5009,36,212
9_5009,37,450
9_5009,11,84
9_5009,16,1855
9_5009,22,499
9_5009,3,669
9_5009,30,86
9_5009,35,550
9_5009,7,440
9_5009,46,596
9_5009,15,495
9_5009,18,145
9_5009,5,877
9_5009,8,294
9_5009,41,372
9_5009,48,808
9_5010,37,18
9_5010,8,102
9_5010,9,1019
9_5010,2,19
9_5010,23,630
9_5010,27,372
9_5010,29,689
9_5010,33,434
9_5010,26,479
9_5010,15,113
9_5010,31,1
9_5010,39,388
9_5010,53,516
9_5010,20,3285
9_5010,41,1102
9_5010,49,1001
9_5010,66,33
9_5010,17,620
9_5010,58,149
9_5010,32,269
9_5010,48,460
9_5010,12,249
9_5010,28,516
9_5010,59,691
9_5010,64,239
9_5010,24,1242
9_5010,3,289
9_5010,51,467
9_5010,56,712
9_5010,63,0
9_5010,14,914
9_5010,16,587
9_5010,62,94
9_5010,30,36
9_5010,52,312
9_5010,67,307
9_5010,0,-37800
9_5010,11,905
9_5010,34,189
9_5010,55,311
9_5010,65,30
9_5010,45,1771
9_5010,54,1498
9_5010,61,30
9_5010,19,146
9_5010,35,760
9_5010,4,344
9_5010,40,2610
9_5010,42,1661
9_5010,38,376
9_5010,46,429
9_5010,50,1826
9_5010,13,193
9_5010,18,730
9_5010,21,6
9_5010,25,227
9_5010,36,530
9_5010,6,1500
9_5010,10,173
9_5010,60,333
9_5010,7,1153
9_5010,1,15
9_5010,44,212
9_5010,47,83
9_5010,5,109
9_5010,57,46
9_5010,22,179
9_5010,43,1011
9_5010,68,60
